job_id,voyage,machine_id,op_seq,rute,layer_id,A_lj,p_lj,TSail_lj,ship_name
0,2,0,0,default,0,93.0,10.0,13.0,KFC.JETLINER
0,2,1,1,default,0,116.0,2.0,13.0,KFC.JETLINER
0,2,0,2,default,1,131.0,6.0,13.0,KFC.JETLINER
0,2,1,3,default,1,150.0,2.0,13.0,KFC.JETLINER
0,2,0,4,default,2,165.0,2.0,8.0,KFC.JETLINER
0,2,2,5,default,2,175.0,1.0,8.0,KFC.JETLINER
0,2,0,6,default,3,184.0,2.0,13.0,KFC.JETLINER
0,2,1,7,default,3,199.0,2.0,13.0,KFC.JETLINER
0,2,0,8,default,4,214.0,19.0,13.0,KFC.JETLINER
0,2,1,9,default,4,246.0,2.0,13.0,KFC.JETLINER
0,3,0,0,default,5,261.0,10.0,13.0,KFC.JETLINER
0,3,1,1,default,5,284.0,2.0,13.0,KFC.JETLINER
0,3,0,2,default,6,299.0,6.0,13.0,KFC.JETLINER
0,3,1,3,default,6,318.0,2.0,13.0,KFC.JETLINER
0,3,0,4,default,7,333.0,2.0,8.0,KFC.JETLINER
0,3,2,5,default,7,343.0,1.0,8.0,KFC.JETLINER
0,3,0,6,default,8,352.0,2.0,13.0,KFC.JETLINER
0,3,1,7,default,8,367.0,2.0,13.0,KFC.JETLINER
0,3,0,8,default,9,382.0,19.0,13.0,KFC.JETLINER
0,3,1,9,default,9,414.0,2.0,13.0,KFC.JETLINER
1,1,6,0,default,0,172.0,10.0,27.0,KM.AWU
1,1,4,1,default,0,209.0,7.0,27.0,KM.AWU
1,1,7,2,default,0,243.0,6.0,21.0,KM.AWU
1,1,8,3,default,0,270.0,2.0,14.0,KM.AWU
1,1,9,4,default,0,286.0,3.0,9.0,KM.AWU
1,1,10,5,default,0,298.0,2.0,13.0,KM.AWU
1,1,11,6,default,0,313.0,4.0,13.0,KM.AWU
1,1,12,7,default,0,330.0,22.0,13.0,KM.AWU
1,1,11,8,default,1,365.0,4.0,13.0,KM.AWU
1,1,10,9,default,1,382.0,3.0,9.0,KM.AWU
1,1,9,10,default,1,394.0,3.0,14.0,KM.AWU
1,1,8,11,default,1,411.0,3.0,21.0,KM.AWU
1,1,7,12,default,1,435.0,6.0,28.0,KM.AWU
1,1,4,13,default,1,469.0,5.0,28.0,KM.AWU
1,2,6,0,default,1,502.0,30.0,27.0,KM.AWU
1,2,4,1,default,2,559.0,7.0,27.0,KM.AWU
1,2,7,2,default,2,593.0,6.0,21.0,KM.AWU
1,2,8,3,default,2,620.0,2.0,14.0,KM.AWU
1,2,9,4,default,2,636.0,3.0,9.0,KM.AWU
1,2,10,5,default,2,648.0,2.0,13.0,KM.AWU
1,2,11,6,default,2,663.0,4.0,13.0,KM.AWU
1,2,12,7,default,2,680.0,7.0,13.0,KM.AWU
1,2,11,8,default,3,700.0,4.0,13.0,KM.AWU
1,2,10,9,default,3,717.0,2.0,9.0,KM.AWU
1,2,9,10,default,3,728.0,3.0,14.0,KM.AWU
1,2,8,11,default,3,745.0,2.0,21.0,KM.AWU
1,2,7,12,default,3,768.0,6.0,28.0,KM.AWU
1,2,4,13,default,3,802.0,4.0,28.0,KM.AWU
1,2,6,14,default,3,834.0,3.0,61.0,KM.AWU
1,3,5,0,default,3,898.0,660.0,19.0,KM.AWU
1,3,4,1,default,4,1577.0,17.0,28.0,KM.AWU
1,3,7,2,default,4,1622.0,6.0,21.0,KM.AWU
1,3,8,3,default,4,1649.0,3.0,14.0,KM.AWU
1,3,9,4,default,4,1666.0,3.0,9.0,KM.AWU
1,3,10,5,default,4,1678.0,2.0,13.0,KM.AWU
1,3,11,6,default,4,1693.0,3.0,13.0,KM.AWU
1,3,12,7,default,4,1709.0,2.0,13.0,KM.AWU
1,3,11,8,default,5,1724.0,3.0,13.0,KM.AWU
1,3,10,9,default,5,1740.0,2.0,9.0,KM.AWU
1,3,9,10,default,5,1751.0,2.0,14.0,KM.AWU
1,3,8,11,default,5,1767.0,2.0,21.0,KM.AWU
1,3,7,12,default,5,1790.0,3.0,28.0,KM.AWU
1,3,4,13,default,5,1821.0,3.0,28.0,KM.AWU
1,3,6,14,default,5,1852.0,3.0,26.0,KM.AWU
1,3,13,15,default,5,1881.0,3.0,24.0,KM.AWU
1,4,6,0,default,6,1908.0,3.0,25.0,KM.AWU
1,4,13,1,default,6,1936.0,3.0,24.0,KM.AWU
1,4,6,2,default,7,1963.0,3.0,29.0,KM.AWU
1,4,4,3,default,7,1995.0,6.0,27.0,KM.AWU
1,4,7,4,default,7,2028.0,4.0,21.0,KM.AWU
1,4,8,5,default,7,2053.0,2.0,14.0,KM.AWU
1,4,9,6,default,7,2069.0,3.0,9.0,KM.AWU
1,4,10,7,default,7,2081.0,2.0,13.0,KM.AWU
1,4,11,8,default,7,2096.0,4.0,13.0,KM.AWU
1,4,12,9,default,7,2113.0,2.0,13.0,KM.AWU
1,4,11,10,default,8,2128.0,4.0,13.0,KM.AWU
1,4,10,11,default,8,2145.0,2.0,9.0,KM.AWU
1,4,9,12,default,8,2156.0,3.0,14.0,KM.AWU
1,4,8,13,default,8,2173.0,2.0,22.0,KM.AWU
1,4,7,14,default,8,2197.0,4.0,28.0,KM.AWU
1,4,4,15,default,8,2229.0,2.0,28.0,KM.AWU
1,5,6,0,default,8,2259.0,3.0,25.0,KM.AWU
1,5,13,1,default,8,2287.0,9.0,24.0,KM.AWU
1,5,6,2,default,9,2320.0,12.0,29.0,KM.AWU
1,5,4,3,default,9,2361.0,6.0,27.0,KM.AWU
1,5,7,4,default,9,2394.0,3.0,21.0,KM.AWU
1,5,8,5,default,9,2418.0,2.0,14.0,KM.AWU
1,5,9,6,default,9,2434.0,2.0,9.0,KM.AWU
1,5,10,7,default,9,2445.0,2.0,13.0,KM.AWU
1,5,11,8,default,9,2460.0,4.0,13.0,KM.AWU
1,5,12,9,default,9,2477.0,2.0,13.0,KM.AWU
2,1,7,0,B,0,66.0,22.0,23.0,KM.BINAIYA
2,1,8,1,B,0,111.0,2.0,8.0,KM.BINAIYA
2,1,14,2,B,0,121.0,2.0,19.0,KM.BINAIYA
2,1,15,3,B,0,142.0,5.0,6.0,KM.BINAIYA
2,1,16,4,B,0,153.0,2.0,27.0,KM.BINAIYA
2,1,17,5,B,0,182.0,3.0,27.0,KM.BINAIYA
2,1,16,6,B,1,212.0,2.0,6.0,KM.BINAIYA
2,1,15,7,B,1,220.0,5.0,20.0,KM.BINAIYA
2,1,14,8,B,1,245.0,2.0,8.0,KM.BINAIYA
2,1,8,9,B,1,255.0,1.0,23.0,KM.BINAIYA
2,1,7,10,B,1,279.0,4.0,23.0,KM.BINAIYA
2,1,8,11,B,2,306.0,3.0,14.0,KM.BINAIYA
2,1,9,12,B,2,323.0,2.0,9.0,KM.BINAIYA
2,1,10,13,B,2,334.0,2.0,13.0,KM.BINAIYA
2,1,11,14,B,2,349.0,4.0,13.0,KM.BINAIYA
2,1,10,15,B,3,366.0,2.0,9.0,KM.BINAIYA
2,1,9,16,B,3,377.0,1.0,14.0,KM.BINAIYA
2,1,8,17,B,3,392.0,1.0,23.0,KM.BINAIYA
2,2,7,0,B,3,416.0,16.0,23.0,KM.BINAIYA
2,2,8,1,B,4,455.0,2.0,8.0,KM.BINAIYA
2,2,14,2,B,4,465.0,2.0,19.0,KM.BINAIYA
2,2,15,3,B,4,486.0,5.0,6.0,KM.BINAIYA
2,2,18,4,B,4,497.0,2.0,27.0,KM.BINAIYA
2,2,17,5,B,4,526.0,3.0,27.0,KM.BINAIYA
2,2,16,6,B,4,556.0,3.0,28.0,KM.BINAIYA
2,2,17,7,B,5,587.0,3.0,27.0,KM.BINAIYA
2,2,18,8,B,5,617.0,2.0,6.0,KM.BINAIYA
2,2,15,9,B,5,625.0,4.0,19.0,KM.BINAIYA
2,2,14,10,B,5,648.0,2.0,8.0,KM.BINAIYA
2,2,8,11,B,5,658.0,1.0,23.0,KM.BINAIYA
2,3,7,0,B,5,682.0,12.0,23.0,KM.BINAIYA
2,3,8,1,B,6,717.0,2.0,8.0,KM.BINAIYA
2,3,14,2,B,6,727.0,2.0,19.0,KM.BINAIYA
2,3,15,3,B,6,748.0,5.0,6.0,KM.BINAIYA
2,3,16,4,B,6,759.0,2.0,27.0,KM.BINAIYA
2,3,17,5,B,6,788.0,3.0,27.0,KM.BINAIYA
2,3,16,6,B,7,818.0,2.0,6.0,KM.BINAIYA
2,3,15,7,B,7,826.0,5.0,20.0,KM.BINAIYA
2,3,14,8,B,7,851.0,2.0,8.0,KM.BINAIYA
2,3,8,9,B,7,861.0,1.0,23.0,KM.BINAIYA
2,3,7,10,B,7,885.0,4.0,23.0,KM.BINAIYA
2,3,8,11,B,8,912.0,3.0,14.0,KM.BINAIYA
2,3,9,12,B,8,929.0,2.0,9.0,KM.BINAIYA
2,3,10,13,B,8,940.0,2.0,13.0,KM.BINAIYA
2,3,11,14,B,8,955.0,4.0,13.0,KM.BINAIYA
2,3,10,15,B,9,972.0,2.0,9.0,KM.BINAIYA
2,3,9,16,B,9,983.0,1.0,14.0,KM.BINAIYA
2,3,8,17,B,9,998.0,1.0,23.0,KM.BINAIYA
2,4,7,0,B,9,1022.0,18.0,23.0,KM.BINAIYA
3,2,22,0,default,0,210.0,5.0,28.0,KM.BUKITRAYA
3,2,23,1,default,0,243.0,1.0,21.0,KM.BUKITRAYA
3,2,24,2,default,0,265.0,43.0,13.0,KM.BUKITRAYA
3,2,25,3,default,0,321.0,1.0,4.0,KM.BUKITRAYA
3,2,26,4,default,0,326.0,1.0,11.0,KM.BUKITRAYA
3,2,27,5,default,0,338.0,1.0,4.0,KM.BUKITRAYA
3,2,28,6,default,0,343.0,1.0,8.0,KM.BUKITRAYA
3,2,29,7,default,0,352.0,1.0,21.0,KM.BUKITRAYA
3,2,30,8,default,0,374.0,15.0,42.0,KM.BUKITRAYA
3,2,4,9,default,0,431.0,5.0,52.0,KM.BUKITRAYA
3,2,30,10,default,1,488.0,2.0,15.0,KM.BUKITRAYA
3,2,29,11,default,1,505.0,1.0,8.0,KM.BUKITRAYA
3,2,28,12,default,1,514.0,1.0,4.0,KM.BUKITRAYA
3,2,27,13,default,1,519.0,1.0,9.0,KM.BUKITRAYA
3,2,26,14,default,1,529.0,1.0,4.0,KM.BUKITRAYA
3,2,25,15,default,1,534.0,1.0,13.0,KM.BUKITRAYA
3,2,24,16,default,1,548.0,2.0,15.0,KM.BUKITRAYA
3,2,23,17,default,1,565.0,1.0,28.0,KM.BUKITRAYA
3,3,22,0,default,1,594.0,16.0,28.0,KM.BUKITRAYA
3,3,23,1,default,2,638.0,1.0,20.0,KM.BUKITRAYA
3,3,24,2,default,2,659.0,30.0,13.0,KM.BUKITRAYA
3,3,25,3,default,2,702.0,1.0,5.0,KM.BUKITRAYA
3,3,26,4,default,2,708.0,1.0,11.0,KM.BUKITRAYA
3,3,27,5,default,2,720.0,1.0,4.0,KM.BUKITRAYA
3,3,28,6,default,2,725.0,1.0,8.0,KM.BUKITRAYA
3,3,29,7,default,2,734.0,1.0,18.0,KM.BUKITRAYA
3,3,30,8,default,2,753.0,22.0,45.0,KM.BUKITRAYA
3,3,4,9,default,2,820.0,4.0,63.0,KM.BUKITRAYA
3,3,30,10,default,3,887.0,2.0,14.0,KM.BUKITRAYA
3,3,29,11,default,3,903.0,1.0,8.0,KM.BUKITRAYA
3,3,28,12,default,3,912.0,1.0,4.0,KM.BUKITRAYA
3,3,27,13,default,3,917.0,1.0,11.0,KM.BUKITRAYA
3,3,26,14,default,3,929.0,1.0,4.0,KM.BUKITRAYA
3,3,25,15,default,3,934.0,1.0,14.0,KM.BUKITRAYA
3,3,24,16,default,3,949.0,2.0,16.0,KM.BUKITRAYA
3,3,23,17,default,3,967.0,1.0,28.0,KM.BUKITRAYA
3,4,22,0,default,3,996.0,15.0,29.0,KM.BUKITRAYA
3,4,23,1,default,4,1040.0,1.0,17.0,KM.BUKITRAYA
3,4,24,2,default,4,1058.0,3.0,14.0,KM.BUKITRAYA
3,4,25,3,default,4,1075.0,2.0,5.0,KM.BUKITRAYA
3,4,26,4,default,4,1082.0,2.0,13.0,KM.BUKITRAYA
3,4,27,5,default,4,1097.0,3.0,4.0,KM.BUKITRAYA
3,4,28,6,default,4,1104.0,2.0,9.0,KM.BUKITRAYA
3,4,29,7,default,4,1115.0,3.0,18.0,KM.BUKITRAYA
3,4,30,8,default,4,1136.0,2.0,51.0,KM.BUKITRAYA
3,4,4,9,default,4,1189.0,6.0,53.0,KM.BUKITRAYA
3,4,30,10,default,5,1248.0,2.0,14.0,KM.BUKITRAYA
3,4,29,11,default,5,1264.0,2.0,8.0,KM.BUKITRAYA
3,4,28,12,default,5,1274.0,2.0,4.0,KM.BUKITRAYA
3,4,27,13,default,5,1280.0,2.0,11.0,KM.BUKITRAYA
3,4,26,14,default,5,1293.0,2.0,4.0,KM.BUKITRAYA
3,4,25,15,default,5,1299.0,1.0,14.0,KM.BUKITRAYA
3,4,24,16,default,5,1314.0,3.0,16.0,KM.BUKITRAYA
3,4,23,17,default,5,1333.0,1.0,28.0,KM.BUKITRAYA
3,5,22,0,default,5,1362.0,9.0,29.0,KM.BUKITRAYA
3,5,23,1,default,6,1400.0,1.0,17.0,KM.BUKITRAYA
3,5,24,2,default,6,1418.0,3.0,14.0,KM.BUKITRAYA
3,5,25,3,default,6,1435.0,2.0,5.0,KM.BUKITRAYA
3,5,26,4,default,6,1442.0,2.0,13.0,KM.BUKITRAYA
3,5,27,5,default,6,1457.0,3.0,4.0,KM.BUKITRAYA
3,5,28,6,default,6,1464.0,2.0,9.0,KM.BUKITRAYA
3,5,29,7,default,6,1475.0,3.0,18.0,KM.BUKITRAYA
3,5,30,8,default,6,1496.0,9.0,47.0,KM.BUKITRAYA
3,5,4,9,default,6,1552.0,5.0,53.0,KM.BUKITRAYA
3,5,30,10,default,7,1610.0,2.0,15.0,KM.BUKITRAYA
3,5,29,11,default,7,1627.0,2.0,8.0,KM.BUKITRAYA
3,5,28,12,default,7,1637.0,1.0,4.0,KM.BUKITRAYA
3,5,27,13,default,7,1642.0,2.0,11.0,KM.BUKITRAYA
3,5,26,14,default,7,1655.0,1.0,4.0,KM.BUKITRAYA
3,5,25,15,default,7,1660.0,1.0,14.0,KM.BUKITRAYA
3,5,24,16,default,7,1675.0,3.0,16.0,KM.BUKITRAYA
3,5,23,17,default,7,1694.0,1.0,28.0,KM.BUKITRAYA
3,6,22,0,default,7,1723.0,15.0,31.0,KM.BUKITRAYA
3,6,23,1,default,8,1769.0,1.0,17.0,KM.BUKITRAYA
3,6,24,2,default,8,1787.0,3.0,14.0,KM.BUKITRAYA
3,6,25,3,default,8,1804.0,2.0,5.0,KM.BUKITRAYA
3,6,26,4,default,8,1811.0,2.0,12.0,KM.BUKITRAYA
3,6,27,5,default,8,1825.0,3.0,4.0,KM.BUKITRAYA
3,6,28,6,default,8,1832.0,2.0,8.0,KM.BUKITRAYA
3,6,29,7,default,8,1842.0,2.0,24.0,KM.BUKITRAYA
3,6,30,8,default,8,1868.0,2.0,46.0,KM.BUKITRAYA
3,7,4,0,default,8,1916.0,5.0,51.0,KM.BUKITRAYA
3,7,30,1,default,9,1972.0,18.0,27.0,KM.BUKITRAYA
3,7,24,2,default,9,2017.0,2.0,14.0,KM.BUKITRAYA
3,7,25,3,default,9,2033.0,1.0,5.0,KM.BUKITRAYA
3,7,26,4,default,9,2039.0,1.0,11.0,KM.BUKITRAYA
3,7,27,5,default,9,2051.0,1.0,4.0,KM.BUKITRAYA
3,7,28,6,default,9,2056.0,1.0,8.0,KM.BUKITRAYA
3,7,29,7,default,9,2065.0,1.0,42.0,KM.BUKITRAYA
4,2,15,0,default,0,247.0,17.0,5.0,KM.BUKITSIGUNTANG
4,2,16,1,default,0,269.0,4.0,15.0,KM.BUKITSIGUNTANG
4,2,31,2,default,0,288.0,2.0,25.0,KM.BUKITSIGUNTANG
4,2,32,3,default,0,315.0,4.0,6.0,KM.BUKITSIGUNTANG
4,2,33,4,default,0,325.0,3.0,27.0,KM.BUKITSIGUNTANG
4,2,31,5,default,1,355.0,2.0,15.0,KM.BUKITSIGUNTANG
4,2,16,6,default,1,372.0,4.0,5.0,KM.BUKITSIGUNTANG
4,2,15,7,default,1,381.0,3.0,18.0,KM.BUKITSIGUNTANG
4,2,34,8,default,1,402.0,2.0,6.0,KM.BUKITSIGUNTANG
4,2,35,9,default,1,410.0,2.0,7.0,KM.BUKITSIGUNTANG
4,2,11,10,default,1,419.0,6.0,7.0,KM.BUKITSIGUNTANG
4,2,35,11,default,2,432.0,2.0,6.0,KM.BUKITSIGUNTANG
4,2,34,12,default,2,440.0,2.0,18.0,KM.BUKITSIGUNTANG
4,2,15,13,default,2,460.0,6.0,5.0,KM.BUKITSIGUNTANG
4,2,16,14,default,2,471.0,4.0,16.0,KM.BUKITSIGUNTANG
4,2,31,15,default,2,491.0,2.0,24.0,KM.BUKITSIGUNTANG
4,2,32,16,default,2,517.0,4.0,6.0,KM.BUKITSIGUNTANG
4,2,33,17,default,2,527.0,2.0,27.0,KM.BUKITSIGUNTANG
4,2,31,18,default,3,556.0,2.0,16.0,KM.BUKITSIGUNTANG
4,2,16,19,default,3,574.0,4.0,5.0,KM.BUKITSIGUNTANG
4,3,15,0,default,3,583.0,17.0,5.0,KM.BUKITSIGUNTANG
4,3,16,1,default,4,605.0,4.0,15.0,KM.BUKITSIGUNTANG
4,3,31,2,default,4,624.0,2.0,25.0,KM.BUKITSIGUNTANG
4,3,32,3,default,4,651.0,4.0,6.0,KM.BUKITSIGUNTANG
4,3,33,4,default,4,661.0,3.0,27.0,KM.BUKITSIGUNTANG
4,3,31,5,default,5,691.0,2.0,15.0,KM.BUKITSIGUNTANG
4,3,16,6,default,5,708.0,4.0,5.0,KM.BUKITSIGUNTANG
4,3,15,7,default,5,717.0,3.0,18.0,KM.BUKITSIGUNTANG
4,3,34,8,default,5,738.0,2.0,6.0,KM.BUKITSIGUNTANG
4,3,35,9,default,5,746.0,2.0,7.0,KM.BUKITSIGUNTANG
4,3,11,10,default,5,755.0,6.0,7.0,KM.BUKITSIGUNTANG
4,3,35,11,default,6,768.0,2.0,6.0,KM.BUKITSIGUNTANG
4,3,34,12,default,6,776.0,2.0,18.0,KM.BUKITSIGUNTANG
4,3,15,13,default,6,796.0,6.0,5.0,KM.BUKITSIGUNTANG
4,3,16,14,default,6,807.0,4.0,16.0,KM.BUKITSIGUNTANG
4,3,31,15,default,6,827.0,2.0,24.0,KM.BUKITSIGUNTANG
4,3,32,16,default,6,853.0,4.0,6.0,KM.BUKITSIGUNTANG
4,3,33,17,default,6,863.0,2.0,27.0,KM.BUKITSIGUNTANG
4,3,31,18,default,7,892.0,2.0,16.0,KM.BUKITSIGUNTANG
4,3,16,19,default,7,910.0,4.0,5.0,KM.BUKITSIGUNTANG
4,4,15,0,default,7,919.0,17.0,5.0,KM.BUKITSIGUNTANG
4,4,16,1,default,8,941.0,4.0,15.0,KM.BUKITSIGUNTANG
4,4,31,2,default,8,960.0,2.0,25.0,KM.BUKITSIGUNTANG
4,4,32,3,default,8,987.0,4.0,6.0,KM.BUKITSIGUNTANG
4,4,33,4,default,8,997.0,3.0,27.0,KM.BUKITSIGUNTANG
4,4,31,5,default,9,1027.0,2.0,15.0,KM.BUKITSIGUNTANG
4,4,16,6,default,9,1044.0,4.0,5.0,KM.BUKITSIGUNTANG
4,4,15,7,default,9,1053.0,3.0,18.0,KM.BUKITSIGUNTANG
4,4,34,8,default,9,1074.0,2.0,6.0,KM.BUKITSIGUNTANG
4,4,35,9,default,9,1082.0,2.0,7.0,KM.BUKITSIGUNTANG
4,4,11,10,default,9,1091.0,6.0,7.0,KM.BUKITSIGUNTANG
5,2,22,0,default,0,435.0,19.0,29.0,KM.CIREMAI
5,2,4,1,default,0,483.0,4.0,30.0,KM.CIREMAI
5,2,15,2,default,0,517.0,4.0,16.0,KM.CIREMAI
5,2,36,3,default,0,537.0,2.0,26.0,KM.CIREMAI
5,2,37,4,default,0,565.0,3.0,22.0,KM.CIREMAI
5,2,38,5,default,0,590.0,2.0,24.0,KM.CIREMAI
5,2,39,6,default,0,616.0,2.0,20.0,KM.CIREMAI
5,2,40,7,default,0,638.0,5.0,22.0,KM.CIREMAI
5,2,39,8,default,1,665.0,2.0,23.0,KM.CIREMAI
5,2,38,9,default,1,690.0,3.0,23.0,KM.CIREMAI
5,2,37,10,default,1,716.0,3.0,27.0,KM.CIREMAI
5,2,36,11,default,1,746.0,2.0,17.0,KM.CIREMAI
5,2,15,12,default,1,765.0,3.0,30.0,KM.CIREMAI
5,2,4,13,default,1,798.0,2.0,28.0,KM.CIREMAI
5,3,22,0,default,1,828.0,34.0,27.0,KM.CIREMAI
5,3,4,1,default,2,889.0,4.0,29.0,KM.CIREMAI
5,3,15,2,default,2,922.0,4.0,17.0,KM.CIREMAI
5,3,36,3,default,2,943.0,2.0,25.0,KM.CIREMAI
5,3,37,4,default,2,970.0,3.0,22.0,KM.CIREMAI
5,3,38,5,default,2,995.0,3.0,24.0,KM.CIREMAI
5,3,39,6,default,2,1022.0,2.0,19.0,KM.CIREMAI
5,3,40,7,default,2,1043.0,6.0,22.0,KM.CIREMAI
5,3,39,8,default,3,1071.0,2.0,23.0,KM.CIREMAI
5,3,38,9,default,3,1096.0,3.0,22.0,KM.CIREMAI
5,3,37,10,default,3,1121.0,3.0,25.0,KM.CIREMAI
5,3,36,11,default,3,1149.0,2.0,16.0,KM.CIREMAI
5,3,15,12,default,3,1167.0,3.0,29.0,KM.CIREMAI
5,3,4,13,default,3,1199.0,2.0,27.0,KM.CIREMAI
5,4,22,0,default,3,1228.0,15.0,27.0,KM.CIREMAI
5,4,4,1,default,4,1270.0,4.0,30.0,KM.CIREMAI
5,4,15,2,default,4,1304.0,4.0,16.0,KM.CIREMAI
5,4,36,3,default,4,1324.0,2.0,26.0,KM.CIREMAI
5,4,37,4,default,4,1352.0,3.0,22.0,KM.CIREMAI
5,4,38,5,default,4,1377.0,3.0,23.0,KM.CIREMAI
5,4,37,6,default,5,1403.0,3.0,27.0,KM.CIREMAI
5,4,36,7,default,5,1433.0,2.0,17.0,KM.CIREMAI
5,4,15,8,default,5,1452.0,3.0,31.0,KM.CIREMAI
5,4,4,9,default,5,1486.0,2.0,27.0,KM.CIREMAI
5,5,22,0,default,5,1515.0,8.0,25.0,KM.CIREMAI
5,5,4,1,default,6,1548.0,3.0,29.0,KM.CIREMAI
5,5,15,2,default,6,1580.0,3.0,16.0,KM.CIREMAI
5,5,36,3,default,6,1599.0,2.0,42.0,KM.CIREMAI
5,5,38,4,default,6,1643.0,3.0,13.0,KM.CIREMAI
5,5,41,5,default,6,1659.0,2.0,9.0,KM.CIREMAI
5,5,42,6,default,6,1670.0,2.0,20.0,KM.CIREMAI
5,5,40,7,default,6,1692.0,5.0,21.0,KM.CIREMAI
5,5,39,8,default,6,1718.0,2.0,8.0,KM.CIREMAI
5,5,42,9,default,7,1728.0,2.0,9.0,KM.CIREMAI
5,5,41,10,default,7,1739.0,2.0,13.0,KM.CIREMAI
5,5,38,11,default,7,1754.0,2.0,20.0,KM.CIREMAI
5,5,37,12,default,7,1776.0,2.0,6.0,KM.CIREMAI
5,5,43,13,default,7,1784.0,2.0,22.0,KM.CIREMAI
5,5,36,14,default,7,1808.0,2.0,17.0,KM.CIREMAI
5,5,15,15,default,7,1827.0,3.0,28.0,KM.CIREMAI
5,5,4,16,default,7,1858.0,3.0,26.0,KM.CIREMAI
5,6,22,0,default,7,1887.0,36.0,28.0,KM.CIREMAI
5,6,4,1,default,8,1951.0,4.0,30.0,KM.CIREMAI
5,6,15,2,default,8,1985.0,3.0,16.0,KM.CIREMAI
5,6,36,3,default,8,2004.0,2.0,26.0,KM.CIREMAI
5,6,43,4,default,8,2032.0,2.0,5.0,KM.CIREMAI
5,6,37,5,default,8,2039.0,4.0,22.0,KM.CIREMAI
5,6,38,6,default,8,2065.0,3.0,15.0,KM.CIREMAI
5,6,41,7,default,8,2083.0,2.0,9.0,KM.CIREMAI
5,6,42,8,default,8,2094.0,2.0,8.0,KM.CIREMAI
5,6,39,9,default,8,2104.0,2.0,20.0,KM.CIREMAI
5,6,40,10,default,8,2126.0,9.0,21.0,KM.CIREMAI
5,6,39,11,default,9,2156.0,2.0,8.0,KM.CIREMAI
5,6,42,12,default,9,2166.0,2.0,9.0,KM.CIREMAI
5,6,41,13,default,9,2177.0,2.0,14.0,KM.CIREMAI
5,6,38,14,default,9,2193.0,3.0,21.0,KM.CIREMAI
5,6,37,15,default,9,2217.0,4.0,27.0,KM.CIREMAI
5,6,36,16,default,9,2248.0,2.0,16.0,KM.CIREMAI
5,6,15,17,default,9,2266.0,3.0,28.0,KM.CIREMAI
5,6,4,18,default,9,2297.0,2.0,28.0,KM.CIREMAI
5,7,22,0,default,9,2327.0,15.0,26.0,KM.CIREMAI
6,1,22,0,A,0,158.0,20.0,27.0,KM.DOBONSOLO
6,1,4,1,A,0,205.0,4.0,28.0,KM.DOBONSOLO
6,1,15,2,A,0,237.0,3.0,16.0,KM.DOBONSOLO
6,1,36,3,A,0,256.0,2.0,42.0,KM.DOBONSOLO
6,1,38,4,A,0,300.0,3.0,16.0,KM.DOBONSOLO
6,1,41,5,A,0,319.0,3.0,16.0,KM.DOBONSOLO
6,1,38,6,A,1,338.0,3.0,41.0,KM.DOBONSOLO
6,1,36,7,A,1,382.0,2.0,16.0,KM.DOBONSOLO
6,1,15,8,A,1,400.0,3.0,31.0,KM.DOBONSOLO
6,1,4,9,A,1,434.0,2.0,32.0,KM.DOBONSOLO
6,2,21,0,A,1,468.0,756.0,27.0,KM.DOBONSOLO
6,2,4,1,A,2,1251.0,4.0,30.0,KM.DOBONSOLO
6,2,15,2,A,2,1285.0,4.0,16.0,KM.DOBONSOLO
6,2,36,3,A,2,1305.0,3.0,42.0,KM.DOBONSOLO
6,2,38,4,A,2,1350.0,4.0,16.0,KM.DOBONSOLO
6,2,41,5,A,2,1370.0,3.0,10.0,KM.DOBONSOLO
6,2,42,6,A,2,1383.0,3.0,22.0,KM.DOBONSOLO
6,2,40,7,A,2,1408.0,6.0,22.0,KM.DOBONSOLO
6,2,42,8,A,3,1436.0,3.0,11.0,KM.DOBONSOLO
6,2,41,9,A,3,1450.0,3.0,16.0,KM.DOBONSOLO
6,2,38,10,A,3,1469.0,4.0,44.0,KM.DOBONSOLO
6,2,36,11,A,3,1517.0,3.0,17.0,KM.DOBONSOLO
6,2,15,12,A,3,1537.0,3.0,32.0,KM.DOBONSOLO
6,2,4,13,A,3,1572.0,2.0,28.0,KM.DOBONSOLO
6,3,22,0,A,3,1602.0,13.0,26.0,KM.DOBONSOLO
6,3,4,1,A,4,1641.0,4.0,30.0,KM.DOBONSOLO
6,3,15,2,A,4,1675.0,3.0,14.0,KM.DOBONSOLO
6,3,36,3,A,4,1692.0,2.0,26.0,KM.DOBONSOLO
6,3,37,4,A,4,1720.0,3.0,22.0,KM.DOBONSOLO
6,3,38,5,A,4,1745.0,3.0,24.0,KM.DOBONSOLO
6,3,39,6,A,4,1772.0,2.0,20.0,KM.DOBONSOLO
6,3,40,7,A,4,1794.0,6.0,21.0,KM.DOBONSOLO
6,3,39,8,A,5,1821.0,2.0,7.0,KM.DOBONSOLO
6,3,44,9,A,5,1830.0,2.0,11.0,KM.DOBONSOLO
6,3,41,10,A,5,1843.0,2.0,14.0,KM.DOBONSOLO
6,3,38,11,A,5,1859.0,3.0,23.0,KM.DOBONSOLO
6,3,37,12,A,5,1885.0,3.0,27.0,KM.DOBONSOLO
6,3,36,13,A,5,1915.0,2.0,15.0,KM.DOBONSOLO
6,3,15,14,A,5,1932.0,2.0,31.0,KM.DOBONSOLO
6,3,4,15,A,5,1965.0,2.0,27.0,KM.DOBONSOLO
6,4,22,0,A,5,1994.0,9.0,25.0,KM.DOBONSOLO
6,4,4,1,A,6,2028.0,4.0,30.0,KM.DOBONSOLO
6,4,15,2,A,6,2062.0,3.0,14.0,KM.DOBONSOLO
6,4,36,3,A,6,2079.0,2.0,26.0,KM.DOBONSOLO
6,4,37,4,A,6,2107.0,3.0,8.0,KM.DOBONSOLO
6,4,49,5,A,6,2118.0,2.0,13.0,KM.DOBONSOLO
6,4,48,6,A,6,2133.0,3.0,7.0,KM.DOBONSOLO
6,4,47,7,A,6,2143.0,2.0,10.0,KM.DOBONSOLO
6,4,45,8,A,6,2155.0,3.0,12.0,KM.DOBONSOLO
6,4,46,9,A,6,2170.0,4.0,20.0,KM.DOBONSOLO
6,4,37,10,A,7,2194.0,3.0,27.0,KM.DOBONSOLO
6,4,36,11,A,7,2224.0,2.0,16.0,KM.DOBONSOLO
6,4,15,12,A,7,2242.0,2.0,32.0,KM.DOBONSOLO
6,4,4,13,A,7,2276.0,2.0,27.0,KM.DOBONSOLO
6,5,22,0,A,7,2305.0,19.0,28.0,KM.DOBONSOLO
6,5,4,1,A,8,2352.0,4.0,35.0,KM.DOBONSOLO
6,5,31,2,A,8,2391.0,5.0,23.0,KM.DOBONSOLO
6,5,15,3,A,8,2419.0,4.0,17.0,KM.DOBONSOLO
6,5,36,4,A,8,2440.0,3.0,29.0,KM.DOBONSOLO
6,5,37,5,A,8,2472.0,4.0,24.0,KM.DOBONSOLO
6,5,38,6,A,8,2500.0,4.0,16.0,KM.DOBONSOLO
6,5,41,7,A,8,2520.0,3.0,11.0,KM.DOBONSOLO
6,5,44,8,A,8,2534.0,2.0,8.0,KM.DOBONSOLO
6,5,39,9,A,8,2544.0,2.0,22.0,KM.DOBONSOLO
6,5,40,10,A,8,2568.0,6.0,22.0,KM.DOBONSOLO
6,5,39,11,A,9,2596.0,2.0,7.0,KM.DOBONSOLO
6,5,44,12,A,9,2605.0,2.0,11.0,KM.DOBONSOLO
6,5,41,13,A,9,2618.0,3.0,16.0,KM.DOBONSOLO
6,5,38,14,A,9,2637.0,3.0,23.0,KM.DOBONSOLO
6,5,37,15,A,9,2663.0,3.0,28.0,KM.DOBONSOLO
6,5,36,16,A,9,2694.0,2.0,17.0,KM.DOBONSOLO
6,5,15,17,A,9,2713.0,3.0,32.0,KM.DOBONSOLO
6,5,4,18,A,9,2748.0,2.0,29.0,KM.DOBONSOLO
6,6,22,0,A,9,2779.0,25.0,26.0,KM.DOBONSOLO
7,1,4,0,B,0,172.0,9.0,28.0,KM.DOROLONDA
7,1,31,1,B,0,209.0,2.0,12.0,KM.DOROLONDA
7,1,50,2,B,0,223.0,2.0,29.0,KM.DOROLONDA
7,1,51,3,B,0,254.0,3.0,9.0,KM.DOROLONDA
7,1,52,4,B,0,266.0,2.0,19.0,KM.DOROLONDA
7,1,38,5,B,0,287.0,3.0,12.0,KM.DOROLONDA
7,1,41,6,B,0,302.0,2.0,10.0,KM.DOROLONDA
7,1,44,7,B,0,314.0,2.0,6.0,KM.DOROLONDA
7,1,39,8,B,0,322.0,2.0,20.0,KM.DOROLONDA
7,1,40,9,B,0,344.0,5.0,19.0,KM.DOROLONDA
7,1,39,10,B,1,368.0,2.0,6.0,KM.DOROLONDA
7,1,44,11,B,1,376.0,2.0,10.0,KM.DOROLONDA
7,1,41,12,B,1,388.0,2.0,12.0,KM.DOROLONDA
7,1,38,13,B,1,402.0,3.0,19.0,KM.DOROLONDA
7,1,52,14,B,1,424.0,2.0,8.0,KM.DOROLONDA
7,1,51,15,B,1,434.0,2.0,27.0,KM.DOROLONDA
7,1,50,16,B,1,463.0,2.0,12.0,KM.DOROLONDA
7,1,31,17,B,1,477.0,2.0,29.0,KM.DOROLONDA
7,2,4,0,B,1,508.0,9.0,29.0,KM.DOROLONDA
7,2,15,1,B,1,546.0,3.0,15.0,KM.DOROLONDA
7,2,36,2,B,1,564.0,2.0,24.0,KM.DOROLONDA
7,2,43,3,B,1,590.0,2.0,5.0,KM.DOROLONDA
7,2,37,4,B,1,597.0,3.0,20.0,KM.DOROLONDA
7,2,38,5,B,2,620.0,3.0,13.0,KM.DOROLONDA
7,2,41,6,B,2,636.0,2.0,11.0,KM.DOROLONDA
7,2,44,7,B,2,649.0,2.0,6.0,KM.DOROLONDA
7,2,39,8,B,2,657.0,2.0,18.0,KM.DOROLONDA
7,2,40,9,B,2,677.0,6.0,19.0,KM.DOROLONDA
7,2,39,10,B,3,702.0,2.0,6.0,KM.DOROLONDA
7,2,44,11,B,3,710.0,2.0,10.0,KM.DOROLONDA
7,2,41,12,B,3,722.0,2.0,12.0,KM.DOROLONDA
7,2,38,13,B,3,736.0,3.0,20.0,KM.DOROLONDA
7,2,37,14,B,3,759.0,3.0,5.0,KM.DOROLONDA
7,2,43,15,B,3,767.0,2.0,23.0,KM.DOROLONDA
7,2,36,16,B,3,792.0,2.0,14.0,KM.DOROLONDA
7,2,15,17,B,3,808.0,3.0,27.0,KM.DOROLONDA
7,3,4,0,B,3,838.0,12.0,29.0,KM.DOROLONDA
7,3,31,1,B,3,879.0,2.0,12.0,KM.DOROLONDA
7,3,50,2,B,3,893.0,2.0,29.0,KM.DOROLONDA
7,3,51,3,B,3,924.0,3.0,9.0,KM.DOROLONDA
7,3,52,4,B,3,936.0,2.0,19.0,KM.DOROLONDA
7,3,38,5,B,4,957.0,3.0,12.0,KM.DOROLONDA
7,3,41,6,B,4,972.0,2.0,10.0,KM.DOROLONDA
7,3,44,7,B,4,984.0,2.0,6.0,KM.DOROLONDA
7,3,39,8,B,4,992.0,2.0,19.0,KM.DOROLONDA
7,3,40,9,B,4,1013.0,6.0,19.0,KM.DOROLONDA
7,3,39,10,B,5,1038.0,2.0,6.0,KM.DOROLONDA
7,3,44,11,B,5,1046.0,2.0,10.0,KM.DOROLONDA
7,3,41,12,B,5,1058.0,2.0,12.0,KM.DOROLONDA
7,3,38,13,B,5,1072.0,3.0,19.0,KM.DOROLONDA
7,3,52,14,B,5,1094.0,2.0,8.0,KM.DOROLONDA
7,3,51,15,B,5,1104.0,2.0,27.0,KM.DOROLONDA
7,3,50,16,B,5,1133.0,2.0,12.0,KM.DOROLONDA
7,3,31,17,B,5,1147.0,2.0,29.0,KM.DOROLONDA
7,4,4,0,B,5,1178.0,11.0,27.0,KM.DOROLONDA
7,4,15,1,B,5,1216.0,3.0,14.0,KM.DOROLONDA
7,4,36,2,B,5,1233.0,2.0,23.0,KM.DOROLONDA
7,4,43,3,B,5,1258.0,2.0,5.0,KM.DOROLONDA
7,4,37,4,B,5,1265.0,3.0,20.0,KM.DOROLONDA
7,4,38,5,B,6,1288.0,3.0,13.0,KM.DOROLONDA
7,4,41,6,B,6,1304.0,2.0,11.0,KM.DOROLONDA
7,4,44,7,B,6,1317.0,2.0,7.0,KM.DOROLONDA
7,4,53,8,B,6,1326.0,2.0,20.0,KM.DOROLONDA
7,4,40,9,B,6,1348.0,5.0,19.0,KM.DOROLONDA
7,4,53,10,B,7,1372.0,2.0,6.0,KM.DOROLONDA
7,4,44,11,B,7,1380.0,2.0,10.0,KM.DOROLONDA
7,4,41,12,B,7,1392.0,2.0,12.0,KM.DOROLONDA
7,4,38,13,B,7,1406.0,3.0,20.0,KM.DOROLONDA
7,4,37,14,B,7,1429.0,3.0,5.0,KM.DOROLONDA
7,4,43,15,B,7,1437.0,2.0,24.0,KM.DOROLONDA
7,4,36,16,B,7,1463.0,2.0,15.0,KM.DOROLONDA
7,4,15,17,B,7,1480.0,3.0,28.0,KM.DOROLONDA
7,5,4,0,B,7,1511.0,11.0,28.0,KM.DOROLONDA
7,5,15,1,B,8,1550.0,3.0,15.0,KM.DOROLONDA
7,5,36,2,B,8,1568.0,2.0,24.0,KM.DOROLONDA
7,5,43,3,B,8,1594.0,2.0,5.0,KM.DOROLONDA
7,5,37,4,B,8,1601.0,3.0,20.0,KM.DOROLONDA
7,5,38,5,B,8,1624.0,3.0,13.0,KM.DOROLONDA
7,5,41,6,B,8,1640.0,2.0,11.0,KM.DOROLONDA
7,5,44,7,B,8,1653.0,2.0,7.0,KM.DOROLONDA
7,5,53,8,B,8,1662.0,1.0,2.0,KM.DOROLONDA
7,5,39,9,B,8,1665.0,2.0,19.0,KM.DOROLONDA
7,5,40,10,B,8,1686.0,6.0,19.0,KM.DOROLONDA
7,5,39,11,B,9,1711.0,2.0,2.0,KM.DOROLONDA
7,5,53,12,B,9,1715.0,1.0,6.0,KM.DOROLONDA
7,5,44,13,B,9,1722.0,2.0,10.0,KM.DOROLONDA
7,5,41,14,B,9,1734.0,2.0,12.0,KM.DOROLONDA
7,5,38,15,B,9,1748.0,2.0,20.0,KM.DOROLONDA
7,5,37,16,B,9,1770.0,3.0,20.0,KM.DOROLONDA
7,5,52,17,B,9,1793.0,2.0,8.0,KM.DOROLONDA
7,5,51,18,B,9,1803.0,3.0,27.0,KM.DOROLONDA
7,5,50,19,B,9,1833.0,2.0,12.0,KM.DOROLONDA
7,5,31,20,B,9,1847.0,2.0,29.0,KM.DOROLONDA
7,6,4,0,B,9,1878.0,9.0,30.0,KM.DOROLONDA
8,1,9,0,default,0,165.0,6.0,27.0,KM.EGON
8,1,55,1,default,0,198.0,3.0,21.0,KM.EGON
8,1,4,2,default,0,222.0,4.0,28.0,KM.EGON
8,1,19,3,default,0,254.0,3.0,22.0,KM.EGON
8,1,16,4,default,0,279.0,2.0,25.0,KM.EGON
8,1,17,5,default,0,306.0,3.0,26.0,KM.EGON
8,1,16,6,default,1,335.0,3.0,26.0,KM.EGON
8,1,17,7,default,1,364.0,3.0,25.0,KM.EGON
8,1,16,8,default,2,392.0,2.0,21.0,KM.EGON
8,1,19,9,default,2,415.0,3.0,25.0,KM.EGON
8,1,4,10,default,2,443.0,4.0,23.0,KM.EGON
8,1,55,11,default,2,470.0,2.0,26.0,KM.EGON
8,2,9,0,default,2,498.0,12.0,28.0,KM.EGON
8,2,55,1,default,3,538.0,3.0,24.0,KM.EGON
8,2,4,2,default,3,565.0,4.0,27.0,KM.EGON
8,2,19,3,default,3,596.0,4.0,22.0,KM.EGON
8,2,16,4,default,3,622.0,3.0,24.0,KM.EGON
8,2,17,5,default,3,649.0,3.0,24.0,KM.EGON
8,2,16,6,default,4,676.0,2.0,24.0,KM.EGON
8,2,17,7,default,4,702.0,6.0,27.0,KM.EGON
8,2,16,8,default,5,735.0,2.0,23.0,KM.EGON
8,2,19,9,default,5,760.0,3.0,27.0,KM.EGON
8,2,4,10,default,5,790.0,4.0,24.0,KM.EGON
8,2,55,11,default,5,818.0,2.0,26.0,KM.EGON
8,3,9,0,default,5,846.0,7.0,26.0,KM.EGON
8,3,55,1,default,6,879.0,3.0,22.0,KM.EGON
8,3,4,2,default,6,904.0,4.0,25.0,KM.EGON
8,3,19,3,default,6,933.0,3.0,20.0,KM.EGON
8,3,16,4,default,6,956.0,3.0,25.0,KM.EGON
8,3,17,5,default,6,984.0,4.0,25.0,KM.EGON
8,3,16,6,default,7,1013.0,3.0,24.0,KM.EGON
8,3,17,7,default,7,1040.0,7.0,25.0,KM.EGON
8,3,16,8,default,8,1072.0,2.0,22.0,KM.EGON
8,3,19,9,default,8,1096.0,3.0,25.0,KM.EGON
8,3,4,10,default,8,1124.0,4.0,22.0,KM.EGON
8,3,55,11,default,8,1150.0,65.0,40.0,KM.EGON
8,4,56,0,default,8,1255.0,438.0,23.0,KM.EGON
8,4,55,1,default,9,1716.0,2.0,23.0,KM.EGON
8,4,4,2,default,9,1741.0,4.0,25.0,KM.EGON
8,4,19,3,default,9,1770.0,3.0,25.0,KM.EGON
9,1,22,0,default,0,76.0,12.0,25.0,KM.GUNUNGDEMPO
9,1,4,1,default,0,113.0,4.0,27.0,KM.GUNUNGDEMPO
9,1,15,2,default,0,144.0,3.0,35.0,KM.GUNUNGDEMPO
9,1,37,3,default,0,182.0,2.0,20.0,KM.GUNUNGDEMPO
9,1,38,4,default,0,204.0,3.0,13.0,KM.GUNUNGDEMPO
9,1,41,5,default,0,220.0,2.0,8.0,KM.GUNUNGDEMPO
9,1,54,6,default,0,230.0,1.0,7.0,KM.GUNUNGDEMPO
9,1,44,7,default,0,238.0,2.0,22.0,KM.GUNUNGDEMPO
9,1,40,8,default,0,262.0,6.0,20.0,KM.GUNUNGDEMPO
9,1,44,9,default,1,288.0,2.0,6.0,KM.GUNUNGDEMPO
9,1,54,10,default,1,296.0,1.0,8.0,KM.GUNUNGDEMPO
9,1,41,11,default,1,305.0,2.0,12.0,KM.GUNUNGDEMPO
9,1,38,12,default,1,319.0,2.0,46.0,KM.GUNUNGDEMPO
9,1,15,13,default,1,367.0,2.0,26.0,KM.GUNUNGDEMPO
9,1,4,14,default,1,395.0,2.0,25.0,KM.GUNUNGDEMPO
9,2,22,0,default,1,422.0,13.0,24.0,KM.GUNUNGDEMPO
9,2,4,1,default,2,459.0,4.0,26.0,KM.GUNUNGDEMPO
9,2,15,2,default,2,489.0,3.0,49.0,KM.GUNUNGDEMPO
9,2,38,3,default,2,541.0,3.0,12.0,KM.GUNUNGDEMPO
9,2,41,4,default,2,556.0,2.0,10.0,KM.GUNUNGDEMPO
9,2,44,5,default,2,568.0,2.0,26.0,KM.GUNUNGDEMPO
9,2,40,6,default,2,596.0,7.0,23.0,KM.GUNUNGDEMPO
9,2,44,7,default,3,626.0,2.0,11.0,KM.GUNUNGDEMPO
9,2,41,8,default,3,639.0,2.0,12.0,KM.GUNUNGDEMPO
9,2,38,9,default,3,653.0,2.0,49.0,KM.GUNUNGDEMPO
9,2,15,10,default,3,704.0,2.0,26.0,KM.GUNUNGDEMPO
9,2,4,11,default,3,732.0,2.0,26.0,KM.GUNUNGDEMPO
9,3,22,0,default,3,760.0,21.0,25.0,KM.GUNUNGDEMPO
9,3,4,1,default,4,806.0,4.0,26.0,KM.GUNUNGDEMPO
9,3,15,2,default,4,836.0,4.0,49.0,KM.GUNUNGDEMPO
9,3,38,3,default,4,889.0,3.0,12.0,KM.GUNUNGDEMPO
9,3,41,4,default,4,904.0,2.0,8.0,KM.GUNUNGDEMPO
9,3,54,5,default,4,914.0,1.0,7.0,KM.GUNUNGDEMPO
9,3,44,6,default,4,922.0,2.0,22.0,KM.GUNUNGDEMPO
9,3,40,7,default,4,946.0,7.0,23.0,KM.GUNUNGDEMPO
9,3,44,8,default,5,976.0,2.0,7.0,KM.GUNUNGDEMPO
9,3,54,9,default,5,985.0,1.0,7.0,KM.GUNUNGDEMPO
9,3,41,10,default,5,993.0,2.0,14.0,KM.GUNUNGDEMPO
9,3,38,11,default,5,1009.0,3.0,49.0,KM.GUNUNGDEMPO
9,3,15,12,default,5,1061.0,2.0,27.0,KM.GUNUNGDEMPO
9,3,4,13,default,5,1090.0,2.0,26.0,KM.GUNUNGDEMPO
9,4,22,0,default,5,1118.0,13.0,25.0,KM.GUNUNGDEMPO
9,4,4,1,default,6,1156.0,4.0,26.0,KM.GUNUNGDEMPO
9,4,15,2,default,6,1186.0,4.0,49.0,KM.GUNUNGDEMPO
9,4,38,3,default,6,1239.0,3.0,12.0,KM.GUNUNGDEMPO
9,4,41,4,default,6,1254.0,2.0,8.0,KM.GUNUNGDEMPO
9,4,54,5,default,6,1264.0,1.0,7.0,KM.GUNUNGDEMPO
9,4,44,6,default,6,1272.0,2.0,22.0,KM.GUNUNGDEMPO
9,4,40,7,default,6,1296.0,6.0,23.0,KM.GUNUNGDEMPO
9,4,44,8,default,7,1325.0,2.0,7.0,KM.GUNUNGDEMPO
9,4,54,9,default,7,1334.0,1.0,7.0,KM.GUNUNGDEMPO
9,4,41,10,default,7,1342.0,2.0,14.0,KM.GUNUNGDEMPO
9,4,38,11,default,7,1358.0,3.0,49.0,KM.GUNUNGDEMPO
9,4,15,12,default,7,1410.0,2.0,27.0,KM.GUNUNGDEMPO
9,4,4,13,default,7,1439.0,2.0,26.0,KM.GUNUNGDEMPO
9,5,22,0,default,7,1467.0,13.0,25.0,KM.GUNUNGDEMPO
9,5,4,1,default,8,1505.0,5.0,27.0,KM.GUNUNGDEMPO
9,5,15,2,default,8,1537.0,4.0,14.0,KM.GUNUNGDEMPO
9,5,36,3,default,8,1555.0,2.0,24.0,KM.GUNUNGDEMPO
9,5,43,4,default,8,1581.0,2.0,4.0,KM.GUNUNGDEMPO
9,5,37,5,default,8,1587.0,4.0,8.0,KM.GUNUNGDEMPO
9,5,49,6,default,8,1599.0,2.0,12.0,KM.GUNUNGDEMPO
9,5,48,7,default,8,1613.0,3.0,6.0,KM.GUNUNGDEMPO
9,5,47,8,default,8,1622.0,2.0,9.0,KM.GUNUNGDEMPO
9,5,45,9,default,8,1633.0,2.0,11.0,KM.GUNUNGDEMPO
9,5,46,10,default,8,1646.0,3.0,13.0,KM.GUNUNGDEMPO
9,5,38,11,default,8,1662.0,3.0,13.0,KM.GUNUNGDEMPO
9,5,41,12,default,8,1678.0,2.0,8.0,KM.GUNUNGDEMPO
9,5,54,13,default,8,1688.0,1.0,7.0,KM.GUNUNGDEMPO
9,5,44,14,default,8,1696.0,2.0,23.0,KM.GUNUNGDEMPO
9,5,40,15,default,8,1721.0,6.0,24.0,KM.GUNUNGDEMPO
9,5,44,16,default,9,1751.0,2.0,7.0,KM.GUNUNGDEMPO
9,5,54,17,default,9,1760.0,1.0,8.0,KM.GUNUNGDEMPO
9,5,41,18,default,9,1769.0,2.0,13.0,KM.GUNUNGDEMPO
9,5,38,19,default,9,1784.0,3.0,38.0,KM.GUNUNGDEMPO
9,5,36,20,default,9,1825.0,3.0,15.0,KM.GUNUNGDEMPO
9,5,15,21,default,9,1843.0,3.0,27.0,KM.GUNUNGDEMPO
9,5,4,22,default,9,1873.0,3.0,26.0,KM.GUNUNGDEMPO
9,6,22,0,default,9,1902.0,10.0,24.0,KM.GUNUNGDEMPO
10,1,4,0,B,0,20.0,6.0,31.0,KM.KELIMUTU
10,1,19,1,B,0,57.0,4.0,39.0,KM.KELIMUTU
10,1,13,2,B,0,100.0,8.0,46.0,KM.KELIMUTU
10,1,30,3,B,0,154.0,2.0,23.0,KM.KELIMUTU
10,1,58,4,B,0,179.0,2.0,18.0,KM.KELIMUTU
10,2,22,0,B,0,199.0,27.0,18.0,KM.KELIMUTU
10,2,58,1,B,1,244.0,2.0,22.0,KM.KELIMUTU
10,2,30,2,B,1,268.0,3.0,44.0,KM.KELIMUTU
10,2,13,3,B,1,315.0,10.0,27.0,KM.KELIMUTU
10,2,6,4,B,1,352.0,4.0,25.0,KM.KELIMUTU
10,2,13,5,B,2,381.0,16.0,44.0,KM.KELIMUTU
10,2,30,6,B,2,441.0,2.0,20.0,KM.KELIMUTU
10,2,58,7,B,2,463.0,2.0,18.0,KM.KELIMUTU
10,3,22,0,B,2,483.0,26.0,19.0,KM.KELIMUTU
10,3,58,1,B,3,528.0,2.0,24.0,KM.KELIMUTU
10,3,30,2,B,3,554.0,2.0,44.0,KM.KELIMUTU
10,3,13,3,B,3,600.0,4.0,25.0,KM.KELIMUTU
10,3,6,4,B,3,629.0,7.0,27.0,KM.KELIMUTU
10,3,4,5,B,3,663.0,3.0,31.0,KM.KELIMUTU
10,3,19,6,B,3,697.0,4.0,30.0,KM.KELIMUTU
10,3,4,7,B,4,731.0,3.0,27.0,KM.KELIMUTU
10,3,6,8,B,4,761.0,2.0,25.0,KM.KELIMUTU
10,3,13,9,B,4,788.0,5.0,24.0,KM.KELIMUTU
10,4,57,0,B,4,817.0,1030.0,22.0,KM.KELIMUTU
10,4,13,1,B,5,1869.0,7.0,34.0,KM.KELIMUTU
10,4,59,2,B,5,1910.0,19.0,28.0,KM.KELIMUTU
10,4,4,3,B,5,1957.0,3.0,28.0,KM.KELIMUTU
10,4,6,4,B,5,1988.0,4.0,25.0,KM.KELIMUTU
10,4,13,5,B,6,2017.0,7.0,34.0,KM.KELIMUTU
10,4,59,6,B,6,2058.0,19.0,30.0,KM.KELIMUTU
10,5,5,0,B,6,2107.0,95.0,25.0,KM.KELIMUTU
10,5,6,1,B,6,2227.0,2.0,25.0,KM.KELIMUTU
10,5,13,2,B,7,2254.0,4.0,25.0,KM.KELIMUTU
10,5,6,3,B,7,2283.0,8.0,25.0,KM.KELIMUTU
10,5,13,4,B,8,2316.0,12.0,50.0,KM.KELIMUTU
10,5,30,5,B,8,2378.0,3.0,21.0,KM.KELIMUTU
10,5,58,6,B,8,2402.0,1.0,18.0,KM.KELIMUTU
10,6,22,0,B,8,2421.0,24.0,18.0,KM.KELIMUTU
10,6,58,1,B,9,2463.0,2.0,24.0,KM.KELIMUTU
10,6,30,2,B,9,2489.0,3.0,44.0,KM.KELIMUTU
10,6,13,3,B,9,2536.0,6.0,27.0,KM.KELIMUTU
10,6,6,4,B,9,2569.0,4.0,25.0,KM.KELIMUTU
11,2,22,0,default,0,266.0,17.0,31.0,KM.KELUD
11,2,60,1,default,0,314.0,3.0,3.0,KM.KELUD
11,2,61,2,default,0,320.0,1.0,22.0,KM.KELUD
11,2,62,3,default,0,343.0,4.0,22.0,KM.KELUD
11,2,61,4,default,1,369.0,1.0,3.0,KM.KELUD
11,2,60,5,default,1,373.0,9.0,30.0,KM.KELUD
11,3,22,0,default,1,412.0,17.0,31.0,KM.KELUD
11,3,60,1,default,2,460.0,7.0,3.0,KM.KELUD
11,3,61,2,default,2,470.0,1.0,22.0,KM.KELUD
11,3,62,3,default,2,493.0,4.0,22.0,KM.KELUD
11,3,61,4,default,3,519.0,1.0,3.0,KM.KELUD
11,3,60,5,default,3,523.0,4.0,30.0,KM.KELUD
11,4,22,0,default,3,557.0,16.0,31.0,KM.KELUD
11,4,60,1,default,4,604.0,4.0,3.0,KM.KELUD
11,4,61,2,default,4,611.0,1.0,22.0,KM.KELUD
11,4,62,3,default,4,634.0,21.0,22.0,KM.KELUD
11,4,61,4,default,5,677.0,1.0,3.0,KM.KELUD
11,4,60,5,default,5,681.0,3.0,30.0,KM.KELUD
11,5,22,0,default,5,714.0,27.0,31.0,KM.KELUD
11,5,60,1,default,6,772.0,5.0,3.0,KM.KELUD
11,5,61,2,default,6,780.0,1.0,22.0,KM.KELUD
11,5,62,3,default,6,803.0,25.0,22.0,KM.KELUD
11,5,61,4,default,7,850.0,1.0,3.0,KM.KELUD
11,5,60,5,default,7,854.0,3.0,30.0,KM.KELUD
11,6,22,0,default,7,887.0,22.0,31.0,KM.KELUD
11,6,60,1,default,8,940.0,5.0,3.0,KM.KELUD
11,6,61,2,default,8,948.0,1.0,22.0,KM.KELUD
11,6,62,3,default,8,971.0,20.0,22.0,KM.KELUD
11,6,61,4,default,9,1013.0,1.0,3.0,KM.KELUD
11,6,60,5,default,9,1017.0,3.0,30.0,KM.KELUD
11,7,22,0,default,9,1050.0,27.0,31.0,KM.KELUD
12,2,22,0,default,0,355.0,9.0,23.0,KM.LABOBAR
12,2,4,1,default,0,387.0,4.0,27.0,KM.LABOBAR
12,2,15,2,default,0,418.0,3.0,14.0,KM.LABOBAR
12,2,36,3,default,0,435.0,2.0,24.0,KM.LABOBAR
12,2,37,4,default,0,461.0,3.0,8.0,KM.LABOBAR
12,2,49,5,default,0,472.0,2.0,12.0,KM.LABOBAR
12,2,48,6,default,0,486.0,3.0,7.0,KM.LABOBAR
12,2,47,7,default,0,496.0,3.0,9.0,KM.LABOBAR
12,2,45,8,default,0,508.0,2.0,9.0,KM.LABOBAR
12,2,47,9,default,1,519.0,2.0,7.0,KM.LABOBAR
12,2,48,10,default,1,528.0,2.0,13.0,KM.LABOBAR
12,2,49,11,default,1,543.0,1.0,8.0,KM.LABOBAR
12,2,37,12,default,1,552.0,2.0,25.0,KM.LABOBAR
12,2,36,13,default,1,579.0,2.0,15.0,KM.LABOBAR
12,2,15,14,default,1,596.0,2.0,28.0,KM.LABOBAR
12,2,4,15,default,1,626.0,3.0,24.0,KM.LABOBAR
12,3,22,0,default,1,653.0,14.0,24.0,KM.LABOBAR
12,3,4,1,default,2,691.0,4.0,27.0,KM.LABOBAR
12,3,15,2,default,2,722.0,3.0,15.0,KM.LABOBAR
12,3,36,3,default,2,740.0,2.0,24.0,KM.LABOBAR
12,3,37,4,default,2,766.0,3.0,8.0,KM.LABOBAR
12,3,49,5,default,2,777.0,2.0,12.0,KM.LABOBAR
12,3,48,6,default,2,791.0,3.0,7.0,KM.LABOBAR
12,3,47,7,default,2,801.0,3.0,9.0,KM.LABOBAR
12,3,45,8,default,2,813.0,2.0,10.0,KM.LABOBAR
12,3,46,9,default,2,825.0,4.0,10.0,KM.LABOBAR
12,3,45,10,default,3,839.0,2.0,9.0,KM.LABOBAR
12,3,47,11,default,3,850.0,2.0,7.0,KM.LABOBAR
12,3,48,12,default,3,859.0,2.0,13.0,KM.LABOBAR
12,3,49,13,default,3,874.0,1.0,8.0,KM.LABOBAR
12,3,37,14,default,3,883.0,2.0,25.0,KM.LABOBAR
12,3,36,15,default,3,910.0,2.0,14.0,KM.LABOBAR
12,3,15,16,default,3,926.0,2.0,28.0,KM.LABOBAR
12,3,4,17,default,3,956.0,3.0,25.0,KM.LABOBAR
12,4,22,0,default,3,984.0,16.0,25.0,KM.LABOBAR
12,4,4,1,default,4,1025.0,4.0,27.0,KM.LABOBAR
12,4,15,2,default,4,1056.0,3.0,15.0,KM.LABOBAR
12,4,36,3,default,4,1074.0,2.0,24.0,KM.LABOBAR
12,4,37,4,default,4,1100.0,3.0,8.0,KM.LABOBAR
12,4,49,5,default,4,1111.0,2.0,12.0,KM.LABOBAR
12,4,48,6,default,4,1125.0,3.0,8.0,KM.LABOBAR
12,4,47,7,default,4,1136.0,3.0,9.0,KM.LABOBAR
12,4,45,8,default,4,1148.0,2.0,10.0,KM.LABOBAR
12,4,46,9,default,4,1160.0,4.0,10.0,KM.LABOBAR
12,4,45,10,default,5,1174.0,2.0,9.0,KM.LABOBAR
12,4,47,11,default,5,1185.0,2.0,7.0,KM.LABOBAR
12,4,48,12,default,5,1194.0,2.0,13.0,KM.LABOBAR
12,4,49,13,default,5,1209.0,1.0,8.0,KM.LABOBAR
12,4,37,14,default,5,1218.0,2.0,25.0,KM.LABOBAR
12,4,36,15,default,5,1245.0,2.0,14.0,KM.LABOBAR
12,4,15,16,default,5,1261.0,2.0,28.0,KM.LABOBAR
12,4,4,17,default,5,1291.0,3.0,25.0,KM.LABOBAR
12,5,22,0,default,5,1319.0,13.0,25.0,KM.LABOBAR
12,5,4,1,default,6,1357.0,4.0,27.0,KM.LABOBAR
12,5,15,2,default,6,1388.0,3.0,15.0,KM.LABOBAR
12,5,36,3,default,6,1406.0,2.0,24.0,KM.LABOBAR
12,5,37,4,default,6,1432.0,3.0,8.0,KM.LABOBAR
12,5,49,5,default,6,1443.0,2.0,12.0,KM.LABOBAR
12,5,48,6,default,6,1457.0,3.0,8.0,KM.LABOBAR
12,5,47,7,default,6,1468.0,3.0,9.0,KM.LABOBAR
12,5,45,8,default,6,1480.0,3.0,10.0,KM.LABOBAR
12,5,46,9,default,6,1493.0,5.0,10.0,KM.LABOBAR
12,5,45,10,default,7,1508.0,2.0,9.0,KM.LABOBAR
12,5,47,11,default,7,1519.0,2.0,7.0,KM.LABOBAR
12,5,48,12,default,7,1528.0,2.0,13.0,KM.LABOBAR
12,5,49,13,default,7,1543.0,2.0,8.0,KM.LABOBAR
12,5,37,14,default,7,1553.0,2.0,25.0,KM.LABOBAR
12,5,36,15,default,7,1580.0,2.0,14.0,KM.LABOBAR
12,5,15,16,default,7,1596.0,2.0,28.0,KM.LABOBAR
12,5,4,17,default,7,1626.0,3.0,25.0,KM.LABOBAR
12,6,22,0,default,7,1654.0,18.0,25.0,KM.LABOBAR
12,6,4,1,default,8,1697.0,4.0,27.0,KM.LABOBAR
12,6,15,2,default,8,1728.0,3.0,15.0,KM.LABOBAR
12,6,36,3,default,8,1746.0,2.0,24.0,KM.LABOBAR
12,6,37,4,default,8,1772.0,3.0,8.0,KM.LABOBAR
12,6,49,5,default,8,1783.0,2.0,12.0,KM.LABOBAR
12,6,48,6,default,8,1797.0,5.0,7.0,KM.LABOBAR
12,6,47,7,default,8,1809.0,3.0,9.0,KM.LABOBAR
12,6,45,8,default,8,1821.0,5.0,10.0,KM.LABOBAR
12,6,46,9,default,8,1836.0,3.0,13.0,KM.LABOBAR
12,6,38,10,default,8,1852.0,4.0,13.0,KM.LABOBAR
12,6,41,11,default,8,1869.0,2.0,10.0,KM.LABOBAR
12,6,44,12,default,8,1881.0,2.0,7.0,KM.LABOBAR
12,6,54,13,default,8,1890.0,2.0,7.0,KM.LABOBAR
12,6,41,14,default,9,1899.0,2.0,13.0,KM.LABOBAR
12,6,38,15,default,9,1914.0,3.0,13.0,KM.LABOBAR
12,6,46,16,default,9,1930.0,2.0,11.0,KM.LABOBAR
12,6,45,17,default,9,1943.0,2.0,9.0,KM.LABOBAR
12,6,47,18,default,9,1954.0,2.0,7.0,KM.LABOBAR
12,6,48,19,default,9,1963.0,3.0,13.0,KM.LABOBAR
12,6,49,20,default,9,1979.0,2.0,8.0,KM.LABOBAR
12,6,37,21,default,9,1989.0,2.0,25.0,KM.LABOBAR
12,6,36,22,default,9,2016.0,3.0,14.0,KM.LABOBAR
12,6,15,23,default,9,2033.0,3.0,28.0,KM.LABOBAR
12,6,4,24,default,9,2064.0,3.0,25.0,KM.LABOBAR
12,7,22,0,default,9,2092.0,24.0,26.0,KM.LABOBAR
13,2,15,0,default,0,244.0,12.0,5.0,KM.LAMBELU
13,2,16,1,default,0,261.0,3.0,16.0,KM.LAMBELU
13,2,31,2,default,0,280.0,2.0,16.0,KM.LAMBELU
13,2,16,3,default,1,298.0,3.0,5.0,KM.LAMBELU
13,2,15,4,default,1,306.0,3.0,15.0,KM.LAMBELU
13,2,36,5,default,1,324.0,2.0,12.0,KM.LAMBELU
13,2,34,6,default,1,338.0,2.0,5.0,KM.LAMBELU
13,2,64,7,default,1,345.0,2.0,12.0,KM.LAMBELU
13,2,36,8,default,2,359.0,2.0,15.0,KM.LAMBELU
13,2,15,9,default,2,376.0,4.0,6.0,KM.LAMBELU
13,2,16,10,default,2,386.0,4.0,16.0,KM.LAMBELU
13,2,31,11,default,2,406.0,2.0,13.0,KM.LAMBELU
13,2,50,12,default,2,421.0,2.0,19.0,KM.LAMBELU
13,2,32,13,default,2,442.0,4.0,6.0,KM.LAMBELU
13,2,33,14,default,2,452.0,2.0,27.0,KM.LAMBELU
13,2,31,15,default,3,481.0,2.0,16.0,KM.LAMBELU
13,2,16,16,default,3,499.0,3.0,5.0,KM.LAMBELU
13,3,15,0,default,3,507.0,8.0,5.0,KM.LAMBELU
13,3,16,1,default,4,520.0,3.0,16.0,KM.LAMBELU
13,3,31,2,default,4,539.0,2.0,26.0,KM.LAMBELU
13,3,32,3,default,4,567.0,3.0,6.0,KM.LAMBELU
13,3,33,4,default,4,576.0,3.0,21.0,KM.LAMBELU
13,3,50,5,default,4,600.0,2.0,13.0,KM.LAMBELU
13,3,31,6,default,5,615.0,2.0,16.0,KM.LAMBELU
13,3,16,7,default,5,633.0,3.0,5.0,KM.LAMBELU
13,3,15,8,default,5,641.0,3.0,15.0,KM.LAMBELU
13,3,36,9,default,5,659.0,2.0,13.0,KM.LAMBELU
13,3,34,10,default,5,674.0,2.0,5.0,KM.LAMBELU
13,3,64,11,default,5,681.0,2.0,12.0,KM.LAMBELU
13,3,36,12,default,6,695.0,2.0,15.0,KM.LAMBELU
13,3,15,13,default,6,712.0,4.0,5.0,KM.LAMBELU
13,3,16,14,default,6,721.0,5.0,16.0,KM.LAMBELU
13,3,31,15,default,6,742.0,2.0,13.0,KM.LAMBELU
13,3,50,16,default,6,757.0,2.0,19.0,KM.LAMBELU
13,3,32,17,default,6,778.0,4.0,6.0,KM.LAMBELU
13,3,33,18,default,6,788.0,3.0,27.0,KM.LAMBELU
13,3,31,19,default,7,818.0,2.0,16.0,KM.LAMBELU
13,3,16,20,default,7,836.0,2.0,5.0,KM.LAMBELU
13,4,15,0,default,7,843.0,8.0,5.0,KM.LAMBELU
13,4,16,1,default,8,856.0,3.0,16.0,KM.LAMBELU
13,4,31,2,default,8,875.0,2.0,26.0,KM.LAMBELU
13,4,32,3,default,8,903.0,3.0,6.0,KM.LAMBELU
13,4,33,4,default,8,912.0,3.0,21.0,KM.LAMBELU
13,4,50,5,default,8,936.0,2.0,13.0,KM.LAMBELU
13,4,31,6,default,9,951.0,2.0,16.0,KM.LAMBELU
13,4,16,7,default,9,969.0,3.0,5.0,KM.LAMBELU
13,4,15,8,default,9,977.0,3.0,15.0,KM.LAMBELU
13,4,36,9,default,9,995.0,2.0,13.0,KM.LAMBELU
13,4,34,10,default,9,1010.0,2.0,5.0,KM.LAMBELU
13,4,64,11,default,9,1017.0,2.0,12.0,KM.LAMBELU
14,1,22,0,B,0,13.0,35.0,40.0,KM.LAWIT
14,1,4,1,B,0,88.0,4.0,28.0,KM.LAWIT
14,1,59,2,B,0,120.0,20.0,32.0,KM.LAWIT
14,1,13,3,B,0,172.0,6.0,27.0,KM.LAWIT
14,1,6,4,B,0,205.0,2.0,26.0,KM.LAWIT
14,1,13,5,B,1,233.0,6.0,7.0,KM.LAWIT
14,1,65,6,B,1,246.0,20.0,6.0,KM.LAWIT
14,1,13,7,B,2,272.0,3.0,33.0,KM.LAWIT
14,1,59,8,B,2,308.0,19.0,29.0,KM.LAWIT
14,1,4,9,B,2,356.0,4.0,28.0,KM.LAWIT
14,2,6,0,B,2,388.0,10.0,28.0,KM.LAWIT
14,2,4,1,B,3,426.0,6.0,29.0,KM.LAWIT
14,2,7,2,B,3,461.0,5.0,22.0,KM.LAWIT
14,2,8,3,B,3,488.0,2.0,15.0,KM.LAWIT
14,2,9,4,B,3,505.0,3.0,10.0,KM.LAWIT
14,2,10,5,B,3,518.0,2.0,19.0,KM.LAWIT
14,2,12,6,B,3,539.0,2.0,13.0,KM.LAWIT
14,2,11,7,B,3,554.0,4.0,5.0,KM.LAWIT
14,2,66,8,B,3,563.0,2.0,5.0,KM.LAWIT
14,2,11,9,B,4,570.0,4.0,13.0,KM.LAWIT
14,2,12,10,B,4,587.0,2.0,19.0,KM.LAWIT
14,2,10,11,B,4,608.0,2.0,10.0,KM.LAWIT
14,2,9,12,B,4,620.0,3.0,15.0,KM.LAWIT
14,2,8,13,B,4,638.0,2.0,22.0,KM.LAWIT
14,2,7,14,B,4,662.0,3.0,30.0,KM.LAWIT
14,2,4,15,B,4,695.0,3.0,29.0,KM.LAWIT
14,3,6,0,B,4,727.0,21.0,29.0,KM.LAWIT
14,3,4,1,B,5,777.0,6.0,32.0,KM.LAWIT
14,3,59,2,B,5,815.0,21.0,32.0,KM.LAWIT
14,3,13,3,B,5,868.0,8.0,25.0,KM.LAWIT
14,3,6,4,B,5,901.0,2.0,25.0,KM.LAWIT
14,3,13,5,B,6,928.0,4.0,7.0,KM.LAWIT
14,3,65,6,B,6,939.0,19.0,6.0,KM.LAWIT
14,3,13,7,B,7,964.0,5.0,34.0,KM.LAWIT
14,3,59,8,B,7,1003.0,20.0,28.0,KM.LAWIT
14,3,4,9,B,7,1051.0,3.0,28.0,KM.LAWIT
14,4,6,0,B,7,1082.0,2.0,29.0,KM.LAWIT
14,4,4,1,B,8,1113.0,5.0,29.0,KM.LAWIT
14,4,7,2,B,8,1147.0,5.0,22.0,KM.LAWIT
14,4,8,3,B,8,1174.0,2.0,15.0,KM.LAWIT
14,4,9,4,B,8,1191.0,3.0,10.0,KM.LAWIT
14,4,10,5,B,8,1204.0,2.0,19.0,KM.LAWIT
14,4,12,6,B,8,1225.0,2.0,13.0,KM.LAWIT
14,4,11,7,B,8,1240.0,4.0,5.0,KM.LAWIT
14,4,66,8,B,8,1249.0,2.0,5.0,KM.LAWIT
14,4,11,9,B,9,1256.0,4.0,13.0,KM.LAWIT
14,4,12,10,B,9,1273.0,2.0,19.0,KM.LAWIT
14,4,10,11,B,9,1294.0,2.0,10.0,KM.LAWIT
14,4,9,12,B,9,1306.0,3.0,15.0,KM.LAWIT
14,4,8,13,B,9,1324.0,2.0,22.0,KM.LAWIT
14,4,7,14,B,9,1348.0,3.0,30.0,KM.LAWIT
14,4,4,15,B,9,1381.0,3.0,29.0,KM.LAWIT
14,5,6,0,B,9,1413.0,3.0,29.0,KM.LAWIT
15,1,4,0,default,0,281.0,28.0,29.0,KM.LEUSER
15,1,7,1,default,0,338.0,2.0,23.0,KM.LEUSER
15,1,8,2,default,0,363.0,2.0,8.0,KM.LEUSER
15,1,14,3,default,0,373.0,2.0,20.0,KM.LEUSER
15,1,15,4,default,0,395.0,5.0,23.0,KM.LEUSER
15,1,36,5,default,0,423.0,2.0,9.0,KM.LEUSER
15,1,1,6,default,0,434.0,2.0,24.0,KM.LEUSER
15,1,67,7,default,0,460.0,2.0,11.0,KM.LEUSER
15,1,37,8,default,0,473.0,4.0,33.0,KM.LEUSER
15,1,68,9,default,0,510.0,2.0,22.0,KM.LEUSER
15,1,48,10,default,0,534.0,4.0,11.0,KM.LEUSER
15,1,47,11,default,0,549.0,2.0,20.0,KM.LEUSER
15,1,69,12,default,0,571.0,2.0,13.0,KM.LEUSER
15,1,70,13,default,0,586.0,6.0,42.0,KM.LEUSER
15,1,71,14,default,0,634.0,23.0,40.0,KM.LEUSER
15,1,70,15,default,1,697.0,8.0,14.0,KM.LEUSER
15,1,69,16,default,1,719.0,2.0,18.0,KM.LEUSER
15,1,47,17,default,1,739.0,2.0,10.0,KM.LEUSER
15,1,48,18,default,1,751.0,4.0,19.0,KM.LEUSER
15,1,68,19,default,1,774.0,2.0,32.0,KM.LEUSER
15,1,37,20,default,1,808.0,3.0,10.0,KM.LEUSER
15,1,67,21,default,1,821.0,2.0,20.0,KM.LEUSER
15,1,1,22,default,1,843.0,1.0,8.0,KM.LEUSER
15,1,36,23,default,1,852.0,2.0,23.0,KM.LEUSER
15,1,15,24,default,1,877.0,3.0,20.0,KM.LEUSER
15,1,14,25,default,1,900.0,1.0,8.0,KM.LEUSER
15,1,8,26,default,1,909.0,1.0,24.0,KM.LEUSER
15,1,7,27,default,1,934.0,2.0,30.0,KM.LEUSER
15,2,4,0,default,1,966.0,12.0,62.0,KM.LEUSER
15,2,11,1,default,1,1040.0,4.0,53.0,KM.LEUSER
15,2,7,2,default,2,1097.0,3.0,22.0,KM.LEUSER
15,2,8,3,default,2,1122.0,2.0,8.0,KM.LEUSER
15,2,14,4,default,2,1132.0,2.0,21.0,KM.LEUSER
15,2,15,5,default,2,1155.0,2.0,22.0,KM.LEUSER
15,2,36,6,default,2,1179.0,2.0,8.0,KM.LEUSER
15,2,1,7,default,2,1189.0,2.0,21.0,KM.LEUSER
15,2,67,8,default,2,1212.0,2.0,10.0,KM.LEUSER
15,2,37,9,default,2,1224.0,3.0,33.0,KM.LEUSER
15,2,68,10,default,2,1260.0,2.0,19.0,KM.LEUSER
15,2,48,11,default,2,1281.0,4.0,11.0,KM.LEUSER
15,2,47,12,default,2,1296.0,3.0,19.0,KM.LEUSER
15,2,69,13,default,2,1318.0,2.0,12.0,KM.LEUSER
15,2,70,14,default,2,1332.0,4.0,45.0,KM.LEUSER
15,2,71,15,default,2,1381.0,11.0,39.0,KM.LEUSER
15,2,70,16,default,3,1431.0,2.0,12.0,KM.LEUSER
15,2,69,17,default,3,1445.0,2.0,18.0,KM.LEUSER
15,2,47,18,default,3,1465.0,2.0,10.0,KM.LEUSER
15,2,48,19,default,3,1477.0,4.0,19.0,KM.LEUSER
15,2,68,20,default,3,1500.0,2.0,32.0,KM.LEUSER
15,2,37,21,default,3,1534.0,3.0,10.0,KM.LEUSER
15,2,67,22,default,3,1547.0,2.0,20.0,KM.LEUSER
15,2,1,23,default,3,1569.0,1.0,8.0,KM.LEUSER
15,2,36,24,default,3,1578.0,2.0,23.0,KM.LEUSER
15,2,15,25,default,3,1603.0,4.0,19.0,KM.LEUSER
15,2,14,26,default,3,1626.0,1.0,8.0,KM.LEUSER
15,2,8,27,default,3,1635.0,1.0,24.0,KM.LEUSER
15,2,7,28,default,3,1660.0,2.0,30.0,KM.LEUSER
15,3,4,0,default,3,1692.0,23.0,28.0,KM.LEUSER
15,3,6,1,default,3,1743.0,3.0,25.0,KM.LEUSER
15,3,13,2,default,3,1771.0,16.0,39.0,KM.LEUSER
15,3,19,3,default,3,1826.0,3.0,32.0,KM.LEUSER
15,3,4,4,default,4,1861.0,4.0,27.0,KM.LEUSER
15,3,6,5,default,4,1892.0,3.0,25.0,KM.LEUSER
15,3,13,6,default,4,1920.0,4.0,34.0,KM.LEUSER
15,3,59,7,default,4,1958.0,21.0,31.0,KM.LEUSER
15,3,13,8,default,5,2010.0,3.0,25.0,KM.LEUSER
15,3,6,9,default,5,2038.0,2.0,24.0,KM.LEUSER
15,3,13,10,default,6,2064.0,8.0,25.0,KM.LEUSER
15,3,6,11,default,6,2097.0,2.0,27.0,KM.LEUSER
15,4,4,0,default,6,2126.0,58.0,28.0,KM.LEUSER
15,4,6,1,default,7,2212.0,3.0,25.0,KM.LEUSER
15,4,13,2,default,7,2240.0,3.0,25.0,KM.LEUSER
15,4,6,3,default,8,2268.0,3.0,25.0,KM.LEUSER
15,4,13,4,default,8,2296.0,9.0,38.0,KM.LEUSER
15,4,59,5,default,8,2343.0,21.0,31.0,KM.LEUSER
15,4,13,6,default,9,2395.0,5.0,28.0,KM.LEUSER
15,4,6,7,default,9,2428.0,4.0,27.0,KM.LEUSER
15,4,4,8,default,9,2459.0,4.0,28.0,KM.LEUSER
16,1,22,0,default,0,173.0,16.0,33.0,KM.NGGAPULU
16,1,60,1,default,0,222.0,3.0,24.0,KM.NGGAPULU
16,1,62,2,default,0,249.0,9.0,26.0,KM.NGGAPULU
16,1,60,3,default,1,284.0,3.0,33.0,KM.NGGAPULU
16,2,22,0,default,1,320.0,8.0,25.0,KM.NGGAPULU
16,2,4,1,default,1,353.0,3.0,30.0,KM.NGGAPULU
16,2,15,2,default,1,386.0,4.0,15.0,KM.NGGAPULU
16,2,36,3,default,1,405.0,3.0,25.0,KM.NGGAPULU
16,2,43,4,default,1,433.0,2.0,5.0,KM.NGGAPULU
16,2,37,5,default,1,440.0,4.0,22.0,KM.NGGAPULU
16,2,52,6,default,1,466.0,2.0,2.0,KM.NGGAPULU
16,2,72,7,default,1,470.0,2.0,9.0,KM.NGGAPULU
16,2,51,8,default,1,481.0,4.0,9.0,KM.NGGAPULU
16,2,72,9,default,2,494.0,2.0,2.0,KM.NGGAPULU
16,2,52,10,default,2,498.0,2.0,21.0,KM.NGGAPULU
16,2,37,11,default,2,521.0,5.0,5.0,KM.NGGAPULU
16,2,43,12,default,2,531.0,2.0,25.0,KM.NGGAPULU
16,2,36,13,default,2,558.0,2.0,16.0,KM.NGGAPULU
16,2,15,14,default,2,576.0,3.0,31.0,KM.NGGAPULU
16,2,4,15,default,2,610.0,4.0,26.0,KM.NGGAPULU
16,3,22,0,default,2,640.0,40.0,26.0,KM.NGGAPULU
16,3,4,1,default,3,706.0,4.0,31.0,KM.NGGAPULU
16,3,15,2,default,3,741.0,3.0,16.0,KM.NGGAPULU
16,3,36,3,default,3,760.0,2.0,25.0,KM.NGGAPULU
16,3,43,4,default,3,787.0,2.0,5.0,KM.NGGAPULU
16,3,37,5,default,3,794.0,6.0,5.0,KM.NGGAPULU
16,3,43,6,default,4,805.0,2.0,25.0,KM.NGGAPULU
16,3,36,7,default,4,832.0,3.0,15.0,KM.NGGAPULU
16,3,15,8,default,4,850.0,3.0,31.0,KM.NGGAPULU
16,3,4,9,default,4,884.0,4.0,29.0,KM.NGGAPULU
16,4,21,0,default,4,917.0,773.0,25.0,KM.NGGAPULU
16,4,4,1,default,5,1715.0,3.0,30.0,KM.NGGAPULU
16,4,15,2,default,5,1748.0,4.0,15.0,KM.NGGAPULU
16,4,36,3,default,5,1767.0,3.0,25.0,KM.NGGAPULU
16,4,43,4,default,5,1795.0,2.0,5.0,KM.NGGAPULU
16,4,37,5,default,5,1802.0,4.0,22.0,KM.NGGAPULU
16,4,52,6,default,5,1828.0,3.0,21.0,KM.NGGAPULU
16,4,37,7,default,6,1852.0,4.0,6.0,KM.NGGAPULU
16,4,43,8,default,6,1862.0,2.0,26.0,KM.NGGAPULU
16,4,36,9,default,6,1890.0,2.0,16.0,KM.NGGAPULU
16,4,15,10,default,6,1908.0,2.0,31.0,KM.NGGAPULU
16,4,4,11,default,6,1941.0,2.0,26.0,KM.NGGAPULU
16,5,22,0,default,6,1969.0,14.0,32.0,KM.NGGAPULU
16,5,24,1,default,6,2015.0,2.0,5.0,KM.NGGAPULU
16,5,60,2,default,6,2022.0,4.0,22.0,KM.NGGAPULU
16,5,62,3,default,6,2048.0,7.0,22.0,KM.NGGAPULU
16,5,60,4,default,7,2077.0,6.0,4.0,KM.NGGAPULU
16,5,24,5,default,7,2087.0,2.0,30.0,KM.NGGAPULU
16,6,22,0,default,7,2119.0,15.0,26.0,KM.NGGAPULU
16,6,4,1,default,7,2160.0,4.0,31.0,KM.NGGAPULU
16,6,15,2,default,7,2195.0,3.0,15.0,KM.NGGAPULU
16,6,36,3,default,7,2213.0,2.0,25.0,KM.NGGAPULU
16,6,43,4,default,7,2240.0,2.0,5.0,KM.NGGAPULU
16,6,37,5,default,7,2247.0,4.0,21.0,KM.NGGAPULU
16,6,52,6,default,7,2272.0,2.0,2.0,KM.NGGAPULU
16,6,72,7,default,7,2276.0,2.0,10.0,KM.NGGAPULU
16,6,51,8,default,7,2288.0,4.0,10.0,KM.NGGAPULU
16,6,72,9,default,8,2302.0,2.0,2.0,KM.NGGAPULU
16,6,52,10,default,8,2306.0,2.0,21.0,KM.NGGAPULU
16,6,37,11,default,8,2329.0,3.0,6.0,KM.NGGAPULU
16,6,43,12,default,8,2338.0,2.0,25.0,KM.NGGAPULU
16,6,36,13,default,8,2365.0,2.0,16.0,KM.NGGAPULU
16,6,15,14,default,8,2383.0,3.0,31.0,KM.NGGAPULU
16,6,4,15,default,8,2417.0,2.0,26.0,KM.NGGAPULU
16,7,22,0,default,8,2445.0,10.0,25.0,KM.NGGAPULU
16,7,4,1,default,9,2480.0,4.0,30.0,KM.NGGAPULU
16,7,15,2,default,9,2514.0,3.0,15.0,KM.NGGAPULU
16,7,36,3,default,9,2532.0,3.0,25.0,KM.NGGAPULU
16,7,43,4,default,9,2560.0,2.0,5.0,KM.NGGAPULU
16,7,37,5,default,9,2567.0,3.0,21.0,KM.NGGAPULU
16,7,52,6,default,9,2591.0,2.0,2.0,KM.NGGAPULU
16,7,72,7,default,9,2595.0,2.0,11.0,KM.NGGAPULU
16,7,51,8,default,9,2608.0,19.0,10.0,KM.NGGAPULU
17,1,37,0,default,0,36.0,28.0,14.0,KM.PANGRANGO
17,1,49,1,default,0,78.0,10.0,14.0,KM.PANGRANGO
17,1,37,2,default,1,102.0,14.0,10.0,KM.PANGRANGO
17,1,67,3,default,1,126.0,2.0,10.0,KM.PANGRANGO
17,1,37,4,default,2,138.0,30.0,14.0,KM.PANGRANGO
17,1,49,5,default,2,182.0,2.0,27.0,KM.PANGRANGO
17,1,68,6,default,2,211.0,5.0,29.0,KM.PANGRANGO
17,1,49,7,default,3,245.0,2.0,14.0,KM.PANGRANGO
17,1,37,8,default,3,261.0,20.0,14.0,KM.PANGRANGO
17,1,49,9,default,4,295.0,2.0,27.0,KM.PANGRANGO
17,1,68,10,default,4,324.0,4.0,28.0,KM.PANGRANGO
17,1,49,11,default,5,356.0,2.0,14.0,KM.PANGRANGO
17,2,37,0,default,5,372.0,28.0,14.0,KM.PANGRANGO
17,2,49,1,default,6,414.0,34.0,14.0,KM.PANGRANGO
17,2,37,2,default,6,462.0,14.0,10.0,KM.PANGRANGO
17,2,67,3,default,6,486.0,2.0,10.0,KM.PANGRANGO
17,2,37,4,default,7,498.0,6.0,14.0,KM.PANGRANGO
17,2,49,5,default,7,518.0,2.0,27.0,KM.PANGRANGO
17,2,68,6,default,7,547.0,5.0,29.0,KM.PANGRANGO
17,2,49,7,default,8,581.0,2.0,14.0,KM.PANGRANGO
17,2,37,8,default,8,597.0,20.0,14.0,KM.PANGRANGO
17,2,49,9,default,9,631.0,2.0,27.0,KM.PANGRANGO
17,2,68,10,default,9,660.0,4.0,28.0,KM.PANGRANGO
18,1,51,0,default,0,161.0,47.0,22.0,KM.SANGIANG
18,1,52,1,default,0,230.0,3.0,13.0,KM.SANGIANG
18,1,73,2,default,0,246.0,2.0,22.0,KM.SANGIANG
18,1,74,3,default,0,270.0,2.0,14.0,KM.SANGIANG
18,1,43,4,default,0,286.0,1.0,10.0,KM.SANGIANG
18,1,37,5,default,0,297.0,4.0,16.0,KM.SANGIANG
18,1,49,6,default,0,317.0,2.0,10.0,KM.SANGIANG
18,1,75,7,default,0,329.0,2.0,12.0,KM.SANGIANG
18,1,46,8,default,0,343.0,9.0,13.0,KM.SANGIANG
18,1,75,9,default,1,365.0,2.0,10.0,KM.SANGIANG
18,1,49,10,default,1,377.0,2.0,18.0,KM.SANGIANG
18,1,37,11,default,1,397.0,11.0,12.0,KM.SANGIANG
18,1,43,12,default,1,420.0,4.0,14.0,KM.SANGIANG
18,1,74,13,default,1,438.0,2.0,21.0,KM.SANGIANG
18,1,73,14,default,1,461.0,2.0,13.0,KM.SANGIANG
18,1,52,15,default,1,476.0,2.0,19.0,KM.SANGIANG
18,2,51,0,default,1,497.0,47.0,21.0,KM.SANGIANG
18,2,52,1,default,2,565.0,3.0,13.0,KM.SANGIANG
18,2,73,2,default,2,581.0,2.0,23.0,KM.SANGIANG
18,2,74,3,default,2,606.0,2.0,14.0,KM.SANGIANG
18,2,43,4,default,2,622.0,1.0,10.0,KM.SANGIANG
18,2,37,5,default,2,633.0,4.0,16.0,KM.SANGIANG
18,2,49,6,default,2,653.0,2.0,10.0,KM.SANGIANG
18,2,75,7,default,2,665.0,2.0,12.0,KM.SANGIANG
18,2,46,8,default,2,679.0,9.0,13.0,KM.SANGIANG
18,2,75,9,default,3,701.0,2.0,10.0,KM.SANGIANG
18,2,49,10,default,3,713.0,2.0,18.0,KM.SANGIANG
18,2,37,11,default,3,733.0,11.0,11.0,KM.SANGIANG
18,2,43,12,default,3,755.0,5.0,14.0,KM.SANGIANG
18,2,74,13,default,3,774.0,2.0,21.0,KM.SANGIANG
18,2,73,14,default,3,797.0,2.0,12.0,KM.SANGIANG
18,2,52,15,default,3,811.0,2.0,20.0,KM.SANGIANG
18,3,51,0,default,3,833.0,47.0,21.0,KM.SANGIANG
18,3,52,1,default,4,901.0,3.0,13.0,KM.SANGIANG
18,3,73,2,default,4,917.0,2.0,23.0,KM.SANGIANG
18,3,74,3,default,4,942.0,2.0,14.0,KM.SANGIANG
18,3,43,4,default,4,958.0,1.0,10.0,KM.SANGIANG
18,3,37,5,default,4,969.0,4.0,16.0,KM.SANGIANG
18,3,49,6,default,4,989.0,2.0,10.0,KM.SANGIANG
18,3,75,7,default,4,1001.0,2.0,12.0,KM.SANGIANG
18,3,46,8,default,4,1015.0,9.0,13.0,KM.SANGIANG
18,3,75,9,default,5,1037.0,2.0,10.0,KM.SANGIANG
18,3,49,10,default,5,1049.0,2.0,18.0,KM.SANGIANG
18,3,37,11,default,5,1069.0,11.0,11.0,KM.SANGIANG
18,3,43,12,default,5,1091.0,5.0,14.0,KM.SANGIANG
18,3,74,13,default,5,1110.0,2.0,21.0,KM.SANGIANG
18,3,73,14,default,5,1133.0,2.0,12.0,KM.SANGIANG
18,3,52,15,default,5,1147.0,2.0,20.0,KM.SANGIANG
18,4,51,0,default,5,1169.0,47.0,21.0,KM.SANGIANG
18,4,52,1,default,6,1237.0,3.0,13.0,KM.SANGIANG
18,4,73,2,default,6,1253.0,2.0,23.0,KM.SANGIANG
18,4,74,3,default,6,1278.0,2.0,14.0,KM.SANGIANG
18,4,43,4,default,6,1294.0,1.0,10.0,KM.SANGIANG
18,4,37,5,default,6,1305.0,4.0,16.0,KM.SANGIANG
18,4,49,6,default,6,1325.0,2.0,10.0,KM.SANGIANG
18,4,75,7,default,6,1337.0,2.0,12.0,KM.SANGIANG
18,4,46,8,default,6,1351.0,9.0,13.0,KM.SANGIANG
18,4,75,9,default,7,1373.0,2.0,10.0,KM.SANGIANG
18,4,49,10,default,7,1385.0,2.0,18.0,KM.SANGIANG
18,4,37,11,default,7,1405.0,11.0,11.0,KM.SANGIANG
18,4,43,12,default,7,1427.0,5.0,14.0,KM.SANGIANG
18,4,74,13,default,7,1446.0,2.0,21.0,KM.SANGIANG
18,4,73,14,default,7,1469.0,2.0,12.0,KM.SANGIANG
18,4,52,15,default,7,1483.0,2.0,20.0,KM.SANGIANG
18,5,51,0,default,7,1505.0,21.0,22.0,KM.SANGIANG
18,5,52,1,default,8,1548.0,4.0,13.0,KM.SANGIANG
18,5,73,2,default,8,1565.0,2.0,23.0,KM.SANGIANG
18,5,74,3,default,8,1590.0,2.0,15.0,KM.SANGIANG
18,5,43,4,default,8,1607.0,2.0,10.0,KM.SANGIANG
18,5,37,5,default,8,1619.0,4.0,16.0,KM.SANGIANG
18,5,49,6,default,8,1639.0,12.0,18.0,KM.SANGIANG
18,5,37,7,default,9,1669.0,11.0,11.0,KM.SANGIANG
18,5,43,8,default,9,1691.0,5.0,14.0,KM.SANGIANG
18,5,74,9,default,9,1710.0,2.0,21.0,KM.SANGIANG
18,5,73,10,default,9,1733.0,2.0,12.0,KM.SANGIANG
18,5,52,11,default,9,1747.0,2.0,20.0,KM.SANGIANG
18,6,51,0,default,9,1769.0,22.0,21.0,KM.SANGIANG
19,1,4,0,default,0,153.0,18.0,31.0,KM.SINABUNG
19,1,15,1,default,0,202.0,2.0,16.0,KM.SINABUNG
19,1,36,2,default,0,220.0,3.0,17.0,KM.SINABUNG
19,1,76,3,default,0,240.0,1.0,16.0,KM.SINABUNG
19,1,51,4,default,0,257.0,2.0,10.0,KM.SINABUNG
19,1,52,5,default,0,269.0,2.0,22.0,KM.SINABUNG
19,1,37,6,default,0,293.0,2.0,22.0,KM.SINABUNG
19,1,38,7,default,0,317.0,2.0,14.0,KM.SINABUNG
19,1,41,8,default,0,333.0,2.0,10.0,KM.SINABUNG
19,1,42,9,default,0,345.0,2.0,21.0,KM.SINABUNG
19,1,40,10,default,0,368.0,5.0,24.0,KM.SINABUNG
19,1,42,11,default,1,397.0,2.0,10.0,KM.SINABUNG
19,1,41,12,default,1,409.0,2.0,15.0,KM.SINABUNG
19,1,38,13,default,1,426.0,2.0,15.0,KM.SINABUNG
19,1,73,14,default,1,443.0,1.0,6.0,KM.SINABUNG
19,1,52,15,default,1,450.0,2.0,10.0,KM.SINABUNG
19,1,51,16,default,1,462.0,2.0,16.0,KM.SINABUNG
19,1,76,17,default,1,480.0,2.0,18.0,KM.SINABUNG
19,1,36,18,default,1,500.0,2.0,17.0,KM.SINABUNG
19,1,15,19,default,1,519.0,2.0,33.0,KM.SINABUNG
19,2,4,0,default,1,554.0,17.0,31.0,KM.SINABUNG
19,2,15,1,default,2,602.0,3.0,17.0,KM.SINABUNG
19,2,36,2,default,2,622.0,2.0,18.0,KM.SINABUNG
19,2,76,3,default,2,642.0,1.0,15.0,KM.SINABUNG
19,2,51,4,default,2,658.0,3.0,11.0,KM.SINABUNG
19,2,52,5,default,2,672.0,2.0,7.0,KM.SINABUNG
19,2,73,6,default,2,681.0,1.0,15.0,KM.SINABUNG
19,2,38,7,default,2,697.0,3.0,14.0,KM.SINABUNG
19,2,41,8,default,2,714.0,2.0,10.0,KM.SINABUNG
19,2,42,9,default,2,726.0,2.0,20.0,KM.SINABUNG
19,2,40,10,default,2,748.0,4.0,24.0,KM.SINABUNG
19,2,42,11,default,3,776.0,2.0,10.0,KM.SINABUNG
19,2,41,12,default,3,788.0,2.0,15.0,KM.SINABUNG
19,2,38,13,default,3,805.0,2.0,16.0,KM.SINABUNG
19,2,73,14,default,3,823.0,1.0,7.0,KM.SINABUNG
19,2,52,15,default,3,831.0,2.0,10.0,KM.SINABUNG
19,2,51,16,default,3,843.0,2.0,16.0,KM.SINABUNG
19,2,76,17,default,3,861.0,2.0,18.0,KM.SINABUNG
19,2,36,18,default,3,881.0,2.0,17.0,KM.SINABUNG
19,2,15,19,default,3,900.0,2.0,32.0,KM.SINABUNG
19,3,4,0,default,3,934.0,21.0,31.0,KM.SINABUNG
19,3,15,1,default,4,986.0,3.0,17.0,KM.SINABUNG
19,3,36,2,default,4,1006.0,2.0,18.0,KM.SINABUNG
19,3,76,3,default,4,1026.0,1.0,15.0,KM.SINABUNG
19,3,51,4,default,4,1042.0,3.0,11.0,KM.SINABUNG
19,3,52,5,default,4,1056.0,2.0,7.0,KM.SINABUNG
19,3,73,6,default,4,1065.0,1.0,15.0,KM.SINABUNG
19,3,38,7,default,4,1081.0,3.0,14.0,KM.SINABUNG
19,3,41,8,default,4,1098.0,2.0,10.0,KM.SINABUNG
19,3,42,9,default,4,1110.0,2.0,20.0,KM.SINABUNG
19,3,40,10,default,4,1132.0,4.0,24.0,KM.SINABUNG
19,3,42,11,default,5,1160.0,2.0,10.0,KM.SINABUNG
19,3,41,12,default,5,1172.0,2.0,15.0,KM.SINABUNG
19,3,38,13,default,5,1189.0,2.0,16.0,KM.SINABUNG
19,3,73,14,default,5,1207.0,1.0,7.0,KM.SINABUNG
19,3,52,15,default,5,1215.0,2.0,10.0,KM.SINABUNG
19,3,51,16,default,5,1227.0,2.0,16.0,KM.SINABUNG
19,3,76,17,default,5,1245.0,2.0,18.0,KM.SINABUNG
19,3,36,18,default,5,1265.0,2.0,17.0,KM.SINABUNG
19,3,15,19,default,5,1284.0,2.0,32.0,KM.SINABUNG
19,4,4,0,default,5,1318.0,16.0,29.0,KM.SINABUNG
19,4,15,1,default,6,1363.0,3.0,15.0,KM.SINABUNG
19,4,36,2,default,6,1381.0,2.0,16.0,KM.SINABUNG
19,4,76,3,default,6,1399.0,1.0,14.0,KM.SINABUNG
19,4,51,4,default,6,1414.0,3.0,9.0,KM.SINABUNG
19,4,52,5,default,6,1426.0,2.0,6.0,KM.SINABUNG
19,4,73,6,default,6,1434.0,1.0,16.0,KM.SINABUNG
19,4,38,7,default,6,1451.0,3.0,14.0,KM.SINABUNG
19,4,41,8,default,6,1468.0,2.0,9.0,KM.SINABUNG
19,4,42,9,default,6,1479.0,2.0,21.0,KM.SINABUNG
19,4,40,10,default,6,1502.0,6.0,21.0,KM.SINABUNG
19,4,42,11,default,7,1529.0,2.0,9.0,KM.SINABUNG
19,4,41,12,default,7,1540.0,2.0,14.0,KM.SINABUNG
19,4,38,13,default,7,1556.0,2.0,15.0,KM.SINABUNG
19,4,73,14,default,7,1573.0,1.0,6.0,KM.SINABUNG
19,4,52,15,default,7,1580.0,2.0,9.0,KM.SINABUNG
19,4,51,16,default,7,1591.0,2.0,16.0,KM.SINABUNG
19,4,76,17,default,7,1609.0,2.0,17.0,KM.SINABUNG
19,4,36,18,default,7,1628.0,2.0,16.0,KM.SINABUNG
19,4,15,19,default,7,1646.0,2.0,29.0,KM.SINABUNG
19,5,4,0,default,7,1677.0,10.0,29.0,KM.SINABUNG
19,5,15,1,default,8,1716.0,3.0,16.0,KM.SINABUNG
19,5,36,2,default,8,1735.0,3.0,17.0,KM.SINABUNG
19,5,76,3,default,8,1755.0,1.0,16.0,KM.SINABUNG
19,5,51,4,default,8,1772.0,4.0,10.0,KM.SINABUNG
19,5,52,5,default,8,1786.0,3.0,7.0,KM.SINABUNG
19,5,73,6,default,8,1796.0,1.0,13.0,KM.SINABUNG
19,5,37,7,default,8,1810.0,4.0,22.0,KM.SINABUNG
19,5,38,8,default,8,1836.0,3.0,14.0,KM.SINABUNG
19,5,41,9,default,8,1853.0,2.0,9.0,KM.SINABUNG
19,5,42,10,default,8,1864.0,2.0,21.0,KM.SINABUNG
19,5,40,11,default,8,1887.0,5.0,21.0,KM.SINABUNG
19,5,42,12,default,9,1913.0,2.0,9.0,KM.SINABUNG
19,5,41,13,default,9,1924.0,2.0,14.0,KM.SINABUNG
19,5,38,14,default,9,1940.0,3.0,15.0,KM.SINABUNG
19,5,73,15,default,9,1958.0,1.0,6.0,KM.SINABUNG
19,5,52,16,default,9,1965.0,2.0,9.0,KM.SINABUNG
19,5,51,17,default,9,1976.0,4.0,15.0,KM.SINABUNG
19,5,76,18,default,9,1995.0,2.0,16.0,KM.SINABUNG
19,5,36,19,default,9,2013.0,2.0,15.0,KM.SINABUNG
19,5,15,20,default,9,2030.0,3.0,20.0,KM.SINABUNG
19,5,31,21,default,9,2053.0,3.0,31.0,KM.SINABUNG
19,6,4,0,default,9,2087.0,14.0,31.0,KM.SINABUNG
20,1,38,0,default,0,240.0,6.0,34.0,KM.SIRIMAU
20,1,37,1,default,0,280.0,3.0,31.0,KM.SIRIMAU
20,1,1,2,default,0,314.0,2.0,9.0,KM.SIRIMAU
20,1,36,3,default,0,325.0,3.0,22.0,KM.SIRIMAU
20,1,34,4,default,0,350.0,2.0,10.0,KM.SIRIMAU
20,1,35,5,default,0,362.0,2.0,13.0,KM.SIRIMAU
20,1,11,6,default,0,377.0,6.0,15.0,KM.SIRIMAU
20,1,12,7,default,0,398.0,2.0,41.0,KM.SIRIMAU
20,1,68,8,default,0,441.0,2.0,20.0,KM.SIRIMAU
20,1,48,9,default,0,463.0,5.0,11.0,KM.SIRIMAU
20,1,47,10,default,0,479.0,2.0,18.0,KM.SIRIMAU
20,1,69,11,default,0,499.0,2.0,12.0,KM.SIRIMAU
20,1,70,12,default,0,513.0,2.0,44.0,KM.SIRIMAU
20,1,71,13,default,0,559.0,22.0,43.0,KM.SIRIMAU
20,1,70,14,default,1,624.0,3.0,18.0,KM.SIRIMAU
20,1,69,15,default,1,645.0,2.0,19.0,KM.SIRIMAU
20,1,47,16,default,1,666.0,2.0,10.0,KM.SIRIMAU
20,1,48,17,default,1,678.0,5.0,19.0,KM.SIRIMAU
20,1,68,18,default,1,702.0,2.0,43.0,KM.SIRIMAU
20,1,12,19,default,1,747.0,2.0,13.0,KM.SIRIMAU
20,1,11,20,default,1,762.0,9.0,13.0,KM.SIRIMAU
20,1,35,21,default,1,784.0,2.0,9.0,KM.SIRIMAU
20,1,34,22,default,1,795.0,2.0,18.0,KM.SIRIMAU
20,1,36,23,default,1,815.0,2.0,8.0,KM.SIRIMAU
20,1,1,24,default,1,825.0,2.0,30.0,KM.SIRIMAU
20,1,37,25,default,1,857.0,3.0,32.0,KM.SIRIMAU
20,2,38,0,default,1,892.0,4.0,34.0,KM.SIRIMAU
20,2,37,1,default,2,930.0,3.0,32.0,KM.SIRIMAU
20,2,1,2,default,2,965.0,2.0,10.0,KM.SIRIMAU
20,2,36,3,default,2,977.0,4.0,21.0,KM.SIRIMAU
20,2,34,4,default,2,1002.0,2.0,10.0,KM.SIRIMAU
20,2,35,5,default,2,1014.0,2.0,13.0,KM.SIRIMAU
20,2,11,6,default,2,1029.0,6.0,15.0,KM.SIRIMAU
20,2,12,7,default,2,1050.0,2.0,43.0,KM.SIRIMAU
20,2,68,8,default,2,1095.0,2.0,20.0,KM.SIRIMAU
20,2,48,9,default,2,1117.0,6.0,11.0,KM.SIRIMAU
20,2,47,10,default,2,1134.0,2.0,19.0,KM.SIRIMAU
20,2,69,11,default,2,1155.0,3.0,12.0,KM.SIRIMAU
20,2,70,12,default,2,1170.0,2.0,47.0,KM.SIRIMAU
20,2,71,13,default,2,1219.0,9.0,47.0,KM.SIRIMAU
20,2,70,14,default,3,1275.0,2.0,14.0,KM.SIRIMAU
20,2,69,15,default,3,1291.0,2.0,18.0,KM.SIRIMAU
20,2,47,16,default,3,1311.0,2.0,12.0,KM.SIRIMAU
20,2,48,17,default,3,1325.0,5.0,20.0,KM.SIRIMAU
20,2,68,18,default,3,1350.0,2.0,43.0,KM.SIRIMAU
20,2,12,19,default,3,1395.0,2.0,13.0,KM.SIRIMAU
20,2,11,20,default,3,1410.0,6.0,12.0,KM.SIRIMAU
20,2,35,21,default,3,1428.0,2.0,10.0,KM.SIRIMAU
20,2,34,22,default,3,1440.0,2.0,20.0,KM.SIRIMAU
20,2,36,23,default,3,1462.0,2.0,8.0,KM.SIRIMAU
20,2,1,24,default,3,1472.0,2.0,30.0,KM.SIRIMAU
20,2,37,25,default,3,1504.0,3.0,31.0,KM.SIRIMAU
20,3,38,0,default,3,1538.0,6.0,34.0,KM.SIRIMAU
20,3,37,1,default,4,1578.0,3.0,32.0,KM.SIRIMAU
20,3,1,2,default,4,1613.0,2.0,10.0,KM.SIRIMAU
20,3,36,3,default,4,1625.0,4.0,21.0,KM.SIRIMAU
20,3,34,4,default,4,1650.0,2.0,10.0,KM.SIRIMAU
20,3,35,5,default,4,1662.0,2.0,13.0,KM.SIRIMAU
20,3,11,6,default,4,1677.0,5.0,15.0,KM.SIRIMAU
20,3,12,7,default,4,1697.0,2.0,43.0,KM.SIRIMAU
20,3,68,8,default,4,1742.0,2.0,21.0,KM.SIRIMAU
20,3,48,9,default,4,1765.0,4.0,13.0,KM.SIRIMAU
20,3,47,10,default,4,1782.0,2.0,20.0,KM.SIRIMAU
20,3,69,11,default,4,1804.0,2.0,12.0,KM.SIRIMAU
20,3,70,12,default,4,1818.0,2.0,45.0,KM.SIRIMAU
20,3,71,13,default,4,1865.0,10.0,42.0,KM.SIRIMAU
20,3,70,14,default,5,1917.0,2.0,18.0,KM.SIRIMAU
20,3,69,15,default,5,1937.0,2.0,20.0,KM.SIRIMAU
20,3,47,16,default,5,1959.0,2.0,12.0,KM.SIRIMAU
20,3,48,17,default,5,1973.0,5.0,21.0,KM.SIRIMAU
20,3,68,18,default,5,1999.0,2.0,47.0,KM.SIRIMAU
20,3,12,19,default,5,2048.0,2.0,15.0,KM.SIRIMAU
20,3,11,20,default,5,2065.0,7.0,13.0,KM.SIRIMAU
20,3,35,21,default,5,2085.0,2.0,13.0,KM.SIRIMAU
20,3,34,22,default,5,2100.0,2.0,20.0,KM.SIRIMAU
20,3,36,23,default,5,2122.0,3.0,9.0,KM.SIRIMAU
20,3,1,24,default,5,2134.0,2.0,30.0,KM.SIRIMAU
20,3,37,25,default,5,2166.0,3.0,33.0,KM.SIRIMAU
20,4,38,0,default,5,2202.0,9.0,34.0,KM.SIRIMAU
20,4,37,1,default,6,2245.0,4.0,32.0,KM.SIRIMAU
20,4,1,2,default,6,2281.0,2.0,10.0,KM.SIRIMAU
20,4,36,3,default,6,2293.0,4.0,21.0,KM.SIRIMAU
20,4,34,4,default,6,2318.0,2.0,10.0,KM.SIRIMAU
20,4,35,5,default,6,2330.0,2.0,13.0,KM.SIRIMAU
20,4,11,6,default,6,2345.0,7.0,15.0,KM.SIRIMAU
20,4,12,7,default,6,2367.0,2.0,43.0,KM.SIRIMAU
20,4,68,8,default,6,2412.0,2.0,21.0,KM.SIRIMAU
20,4,48,9,default,6,2435.0,4.0,13.0,KM.SIRIMAU
20,4,47,10,default,6,2452.0,2.0,21.0,KM.SIRIMAU
20,4,69,11,default,6,2475.0,2.0,12.0,KM.SIRIMAU
20,4,70,12,default,6,2489.0,2.0,45.0,KM.SIRIMAU
20,4,71,13,default,6,2536.0,9.0,42.0,KM.SIRIMAU
20,4,70,14,default,7,2587.0,2.0,18.0,KM.SIRIMAU
20,4,69,15,default,7,2607.0,2.0,20.0,KM.SIRIMAU
20,4,47,16,default,7,2629.0,2.0,12.0,KM.SIRIMAU
20,4,48,17,default,7,2643.0,5.0,21.0,KM.SIRIMAU
20,4,68,18,default,7,2669.0,2.0,47.0,KM.SIRIMAU
20,4,12,19,default,7,2718.0,2.0,15.0,KM.SIRIMAU
20,4,11,20,default,7,2735.0,7.0,13.0,KM.SIRIMAU
20,4,35,21,default,7,2755.0,2.0,13.0,KM.SIRIMAU
20,4,34,22,default,7,2770.0,2.0,20.0,KM.SIRIMAU
20,4,36,23,default,7,2792.0,3.0,9.0,KM.SIRIMAU
20,4,1,24,default,7,2804.0,2.0,30.0,KM.SIRIMAU
20,4,37,25,default,7,2836.0,3.0,33.0,KM.SIRIMAU
20,5,38,0,default,7,2872.0,12.0,35.0,KM.SIRIMAU
20,5,37,1,default,8,2919.0,3.0,33.0,KM.SIRIMAU
20,5,1,2,default,8,2955.0,2.0,9.0,KM.SIRIMAU
20,5,36,3,default,8,2966.0,2.0,20.0,KM.SIRIMAU
20,5,34,4,default,8,2988.0,3.0,10.0,KM.SIRIMAU
20,5,35,5,default,8,3001.0,2.0,12.0,KM.SIRIMAU
20,5,11,6,default,8,3015.0,6.0,14.0,KM.SIRIMAU
20,5,12,7,default,8,3035.0,10.0,14.0,KM.SIRIMAU
20,5,11,8,default,9,3059.0,6.0,13.0,KM.SIRIMAU
20,5,35,9,default,9,3078.0,2.0,15.0,KM.SIRIMAU
20,5,34,10,default,9,3095.0,3.0,20.0,KM.SIRIMAU
20,5,36,11,default,9,3118.0,4.0,23.0,KM.SIRIMAU
20,5,15,12,default,9,3145.0,3.0,46.0,KM.SIRIMAU
20,5,4,13,default,9,3194.0,2.0,56.0,KM.SIRIMAU
20,6,21,0,default,9,3252.0,673.0,82.0,KM.SIRIMAU
21,1,51,0,B,0,101.0,12.0,14.0,KM.TATAMAILAU
21,1,52,1,B,0,127.0,2.0,28.0,KM.TATAMAILAU
21,1,37,2,B,0,157.0,3.0,28.0,KM.TATAMAILAU
21,1,48,3,B,0,188.0,3.0,10.0,KM.TATAMAILAU
21,1,47,4,B,0,201.0,2.0,17.0,KM.TATAMAILAU
21,1,69,5,B,0,220.0,2.0,12.0,KM.TATAMAILAU
21,1,70,6,B,0,234.0,2.0,39.0,KM.TATAMAILAU
21,1,71,7,B,0,275.0,14.0,45.0,KM.TATAMAILAU
21,1,70,8,B,1,334.0,2.0,22.0,KM.TATAMAILAU
21,1,69,9,B,1,358.0,2.0,17.0,KM.TATAMAILAU
21,1,47,10,B,1,377.0,2.0,10.0,KM.TATAMAILAU
21,1,48,11,B,1,389.0,3.0,29.0,KM.TATAMAILAU
21,1,37,12,B,1,421.0,3.0,28.0,KM.TATAMAILAU
21,1,52,13,B,1,452.0,2.0,12.0,KM.TATAMAILAU
21,1,51,14,B,1,466.0,7.0,122.0,KM.TATAMAILAU
21,2,57,0,B,1,595.0,1078.0,40.0,KM.TATAMAILAU
21,2,31,1,B,1,1713.0,3.0,17.0,KM.TATAMAILAU
21,2,50,2,B,1,1733.0,2.0,42.0,KM.TATAMAILAU
21,2,51,3,B,2,1777.0,7.0,13.0,KM.TATAMAILAU
21,2,77,4,B,2,1797.0,1.0,26.0,KM.TATAMAILAU
21,2,38,5,B,2,1824.0,2.0,16.0,KM.TATAMAILAU
21,2,46,6,B,2,1842.0,1.0,13.0,KM.TATAMAILAU
21,2,45,7,B,2,1856.0,1.0,12.0,KM.TATAMAILAU
21,2,48,8,B,2,1869.0,2.0,22.0,KM.TATAMAILAU
21,2,69,9,B,2,1893.0,2.0,14.0,KM.TATAMAILAU
21,2,70,10,B,2,1909.0,2.0,39.0,KM.TATAMAILAU
21,2,71,11,B,2,1950.0,21.0,38.0,KM.TATAMAILAU
21,2,70,12,B,3,2009.0,2.0,12.0,KM.TATAMAILAU
21,2,69,13,B,3,2023.0,8.0,21.0,KM.TATAMAILAU
21,2,48,14,B,3,2052.0,2.0,12.0,KM.TATAMAILAU
21,2,45,15,B,3,2066.0,1.0,13.0,KM.TATAMAILAU
21,2,46,16,B,3,2080.0,1.0,16.0,KM.TATAMAILAU
21,2,38,17,B,3,2097.0,2.0,28.0,KM.TATAMAILAU
21,2,37,18,B,3,2127.0,3.0,28.0,KM.TATAMAILAU
21,2,77,19,B,3,2158.0,1.0,12.0,KM.TATAMAILAU
21,3,51,0,B,3,2171.0,15.0,14.0,KM.TATAMAILAU
21,3,52,1,B,3,2200.0,1.0,28.0,KM.TATAMAILAU
21,3,37,2,B,4,2229.0,2.0,29.0,KM.TATAMAILAU
21,3,48,3,B,4,2260.0,3.0,11.0,KM.TATAMAILAU
21,3,47,4,B,4,2274.0,2.0,20.0,KM.TATAMAILAU
21,3,69,5,B,4,2296.0,2.0,11.0,KM.TATAMAILAU
21,3,70,6,B,4,2309.0,2.0,43.0,KM.TATAMAILAU
21,3,71,7,B,4,2354.0,21.0,36.0,KM.TATAMAILAU
21,3,70,8,B,5,2411.0,2.0,11.0,KM.TATAMAILAU
21,3,69,9,B,5,2424.0,2.0,17.0,KM.TATAMAILAU
21,3,47,10,B,5,2443.0,2.0,10.0,KM.TATAMAILAU
21,3,48,11,B,5,2455.0,3.0,29.0,KM.TATAMAILAU
21,3,37,12,B,5,2487.0,3.0,28.0,KM.TATAMAILAU
21,3,52,13,B,5,2518.0,1.0,13.0,KM.TATAMAILAU
21,4,51,0,B,5,2532.0,14.0,14.0,KM.TATAMAILAU
21,4,77,1,B,5,2560.0,2.0,27.0,KM.TATAMAILAU
21,4,37,2,B,6,2589.0,2.0,30.0,KM.TATAMAILAU
21,4,38,3,B,6,2621.0,2.0,16.0,KM.TATAMAILAU
21,4,46,4,B,6,2639.0,1.0,13.0,KM.TATAMAILAU
21,4,45,5,B,6,2653.0,1.0,12.0,KM.TATAMAILAU
21,4,48,6,B,6,2666.0,3.0,23.0,KM.TATAMAILAU
21,4,69,7,B,6,2692.0,2.0,12.0,KM.TATAMAILAU
21,4,70,8,B,6,2706.0,2.0,39.0,KM.TATAMAILAU
21,4,71,9,B,6,2747.0,11.0,34.0,KM.TATAMAILAU
21,4,70,10,B,7,2792.0,2.0,10.0,KM.TATAMAILAU
21,4,69,11,B,7,2804.0,4.0,22.0,KM.TATAMAILAU
21,4,48,12,B,7,2830.0,2.0,12.0,KM.TATAMAILAU
21,4,45,13,B,7,2844.0,1.0,13.0,KM.TATAMAILAU
21,4,46,14,B,7,2858.0,1.0,18.0,KM.TATAMAILAU
21,4,38,15,B,7,2877.0,2.0,28.0,KM.TATAMAILAU
21,4,77,16,B,7,2907.0,1.0,12.0,KM.TATAMAILAU
21,5,51,0,B,7,2920.0,9.0,13.0,KM.TATAMAILAU
21,5,77,1,B,8,2942.0,1.0,25.0,KM.TATAMAILAU
21,5,38,2,B,8,2968.0,2.0,14.0,KM.TATAMAILAU
21,5,46,3,B,8,2984.0,2.0,26.0,KM.TATAMAILAU
21,5,48,4,B,8,3012.0,3.0,21.0,KM.TATAMAILAU
21,5,69,5,B,8,3036.0,2.0,14.0,KM.TATAMAILAU
21,5,70,6,B,8,3052.0,2.0,43.0,KM.TATAMAILAU
21,5,71,7,B,8,3097.0,10.0,37.0,KM.TATAMAILAU
21,5,70,8,B,9,3144.0,4.0,10.0,KM.TATAMAILAU
21,5,69,9,B,9,3158.0,2.0,22.0,KM.TATAMAILAU
21,5,48,10,B,9,3182.0,2.0,12.0,KM.TATAMAILAU
21,5,45,11,B,9,3196.0,1.0,12.0,KM.TATAMAILAU
21,5,46,12,B,9,3209.0,1.0,14.0,KM.TATAMAILAU
21,5,38,13,B,9,3224.0,2.0,26.0,KM.TATAMAILAU
21,5,77,14,B,9,3252.0,1.0,12.0,KM.TATAMAILAU
21,6,51,0,B,9,3265.0,8.0,40.0,KM.TATAMAILAU
21,6,37,1,B,9,3313.0,2.0,25.0,KM.TATAMAILAU
22,1,24,0,default,0,55.0,3.0,36.0,KM.TIDAR
22,1,22,1,default,0,94.0,10.0,28.0,KM.TIDAR
22,1,4,2,default,0,132.0,3.0,32.0,KM.TIDAR
22,1,15,3,default,0,167.0,3.0,17.0,KM.TIDAR
22,1,36,4,default,0,187.0,3.0,14.0,KM.TIDAR
22,1,34,5,default,0,204.0,2.0,5.0,KM.TIDAR
22,1,64,6,default,0,211.0,2.0,3.0,KM.TIDAR
22,1,35,7,default,0,216.0,2.0,8.0,KM.TIDAR
22,1,11,8,default,0,226.0,4.0,8.0,KM.TIDAR
22,1,35,9,default,1,238.0,2.0,3.0,KM.TIDAR
22,1,64,10,default,1,243.0,2.0,5.0,KM.TIDAR
22,1,34,11,default,1,250.0,2.0,13.0,KM.TIDAR
22,1,36,12,default,1,265.0,3.0,17.0,KM.TIDAR
22,1,15,13,default,1,285.0,3.0,31.0,KM.TIDAR
22,1,4,14,default,1,319.0,3.0,27.0,KM.TIDAR
22,1,22,15,default,1,349.0,3.0,34.0,KM.TIDAR
22,2,24,0,default,1,386.0,7.0,36.0,KM.TIDAR
22,2,22,1,default,2,429.0,8.0,28.0,KM.TIDAR
22,2,4,2,default,2,465.0,3.0,32.0,KM.TIDAR
22,2,15,3,default,2,500.0,3.0,17.0,KM.TIDAR
22,2,36,4,default,2,520.0,3.0,14.0,KM.TIDAR
22,2,34,5,default,2,537.0,2.0,6.0,KM.TIDAR
22,2,64,6,default,2,545.0,2.0,3.0,KM.TIDAR
22,2,35,7,default,2,550.0,2.0,9.0,KM.TIDAR
22,2,11,8,default,2,561.0,4.0,8.0,KM.TIDAR
22,2,35,9,default,3,573.0,2.0,3.0,KM.TIDAR
22,2,64,10,default,3,578.0,2.0,6.0,KM.TIDAR
22,2,34,11,default,3,586.0,2.0,13.0,KM.TIDAR
22,2,36,12,default,3,601.0,3.0,17.0,KM.TIDAR
22,2,15,13,default,3,621.0,3.0,32.0,KM.TIDAR
22,2,4,14,default,3,656.0,3.0,28.0,KM.TIDAR
22,2,22,15,default,3,687.0,3.0,35.0,KM.TIDAR
22,3,24,0,default,3,725.0,4.0,36.0,KM.TIDAR
22,3,22,1,default,4,765.0,6.0,29.0,KM.TIDAR
22,3,4,2,default,4,800.0,2.0,32.0,KM.TIDAR
22,3,15,3,default,4,834.0,3.0,17.0,KM.TIDAR
22,3,36,4,default,4,854.0,3.0,14.0,KM.TIDAR
22,3,34,5,default,4,871.0,2.0,6.0,KM.TIDAR
22,3,64,6,default,4,879.0,2.0,3.0,KM.TIDAR
22,3,35,7,default,4,884.0,2.0,9.0,KM.TIDAR
22,3,11,8,default,4,895.0,4.0,16.0,KM.TIDAR
22,3,35,9,default,5,915.0,1.0,3.0,KM.TIDAR
22,3,64,10,default,5,919.0,1.0,6.0,KM.TIDAR
22,3,34,11,default,5,926.0,1.0,13.0,KM.TIDAR
22,3,36,12,default,5,940.0,2.0,17.0,KM.TIDAR
22,3,15,13,default,5,959.0,4.0,32.0,KM.TIDAR
22,3,4,14,default,5,995.0,2.0,28.0,KM.TIDAR
22,3,22,15,default,5,1025.0,3.0,48.0,KM.TIDAR
22,4,24,0,default,5,1076.0,2.0,36.0,KM.TIDAR
22,4,22,1,default,6,1114.0,6.0,41.0,KM.TIDAR
22,4,4,2,default,6,1161.0,2.0,31.0,KM.TIDAR
22,4,15,3,default,6,1194.0,2.0,15.0,KM.TIDAR
22,4,36,4,default,6,1211.0,1.0,13.0,KM.TIDAR
22,4,34,5,default,6,1225.0,1.0,5.0,KM.TIDAR
22,4,64,6,default,6,1231.0,1.0,3.0,KM.TIDAR
22,4,35,7,default,6,1235.0,1.0,12.0,KM.TIDAR
22,4,11,8,default,6,1248.0,9.0,8.0,KM.TIDAR
22,4,35,9,default,7,1265.0,1.0,3.0,KM.TIDAR
22,4,64,10,default,7,1269.0,1.0,5.0,KM.TIDAR
22,4,34,11,default,7,1275.0,1.0,14.0,KM.TIDAR
22,4,36,12,default,7,1290.0,2.0,16.0,KM.TIDAR
22,4,15,13,default,7,1308.0,4.0,30.0,KM.TIDAR
22,4,4,14,default,7,1342.0,2.0,28.0,KM.TIDAR
22,4,22,15,default,7,1372.0,3.0,34.0,KM.TIDAR
22,5,24,0,default,7,1409.0,4.0,36.0,KM.TIDAR
22,5,22,1,default,8,1449.0,7.0,28.0,KM.TIDAR
22,5,4,2,default,8,1484.0,2.0,30.0,KM.TIDAR
22,5,15,3,default,8,1516.0,3.0,16.0,KM.TIDAR
22,5,36,4,default,8,1535.0,3.0,14.0,KM.TIDAR
22,5,34,5,default,8,1552.0,2.0,6.0,KM.TIDAR
22,5,64,6,default,8,1560.0,2.0,3.0,KM.TIDAR
22,5,35,7,default,8,1565.0,1.0,8.0,KM.TIDAR
22,5,11,8,default,8,1574.0,4.0,9.0,KM.TIDAR
22,5,35,9,default,9,1587.0,2.0,3.0,KM.TIDAR
22,5,64,10,default,9,1592.0,2.0,6.0,KM.TIDAR
22,5,34,11,default,9,1600.0,2.0,13.0,KM.TIDAR
22,5,36,12,default,9,1615.0,2.0,18.0,KM.TIDAR
22,5,15,13,default,9,1635.0,5.0,32.0,KM.TIDAR
22,5,4,14,default,9,1672.0,2.0,30.0,KM.TIDAR
22,5,22,15,default,9,1704.0,2.0,34.0,KM.TIDAR
22,6,24,0,default,9,1740.0,3.0,36.0,KM.TIDAR
23,2,7,0,default,0,176.0,24.0,6.0,KM.TILONGKABILA
23,2,55,1,default,0,206.0,2.0,18.0,KM.TILONGKABILA
23,2,8,2,default,0,226.0,4.0,7.0,KM.TILONGKABILA
23,2,14,3,default,0,237.0,3.0,18.0,KM.TILONGKABILA
23,2,15,4,default,0,258.0,5.0,21.0,KM.TILONGKABILA
23,2,36,5,default,0,284.0,2.0,4.0,KM.TILONGKABILA
23,2,2,6,default,0,290.0,2.0,6.0,KM.TILONGKABILA
23,2,0,7,default,0,298.0,4.0,17.0,KM.TILONGKABILA
23,2,78,8,default,0,319.0,3.0,11.0,KM.TILONGKABILA
23,2,79,9,default,0,333.0,2.0,15.0,KM.TILONGKABILA
23,2,51,10,default,0,350.0,13.0,15.0,KM.TILONGKABILA
23,2,79,11,default,1,378.0,2.0,11.0,KM.TILONGKABILA
23,2,78,12,default,1,391.0,2.0,18.0,KM.TILONGKABILA
23,2,0,13,default,1,411.0,4.0,7.0,KM.TILONGKABILA
23,2,2,14,default,1,422.0,1.0,5.0,KM.TILONGKABILA
23,2,36,15,default,1,428.0,2.0,22.0,KM.TILONGKABILA
23,2,15,16,default,1,452.0,5.0,18.0,KM.TILONGKABILA
23,2,14,17,default,1,475.0,2.0,7.0,KM.TILONGKABILA
23,2,8,18,default,1,484.0,2.0,18.0,KM.TILONGKABILA
23,2,55,19,default,1,504.0,2.0,6.0,KM.TILONGKABILA
23,2,7,20,default,1,512.0,4.0,26.0,KM.TILONGKABILA
23,2,4,21,default,1,542.0,2.0,31.0,KM.TILONGKABILA
23,3,20,0,default,1,575.0,691.0,28.0,KM.TILONGKABILA
23,3,4,1,default,2,1294.0,10.0,28.0,KM.TILONGKABILA
23,3,7,2,default,2,1332.0,5.0,6.0,KM.TILONGKABILA
23,3,55,3,default,2,1343.0,2.0,18.0,KM.TILONGKABILA
23,3,8,4,default,2,1363.0,3.0,7.0,KM.TILONGKABILA
23,3,14,5,default,2,1373.0,2.0,18.0,KM.TILONGKABILA
23,3,15,6,default,2,1393.0,5.0,21.0,KM.TILONGKABILA
23,3,36,7,default,2,1419.0,2.0,4.0,KM.TILONGKABILA
23,3,2,8,default,2,1425.0,2.0,6.0,KM.TILONGKABILA
23,3,0,9,default,2,1433.0,3.0,17.0,KM.TILONGKABILA
23,3,78,10,default,2,1453.0,3.0,11.0,KM.TILONGKABILA
23,3,79,11,default,2,1467.0,2.0,15.0,KM.TILONGKABILA
23,3,51,12,default,2,1484.0,10.0,15.0,KM.TILONGKABILA
23,3,79,13,default,3,1509.0,2.0,11.0,KM.TILONGKABILA
23,3,78,14,default,3,1522.0,2.0,18.0,KM.TILONGKABILA
23,3,0,15,default,3,1542.0,3.0,7.0,KM.TILONGKABILA
23,3,2,16,default,3,1552.0,1.0,5.0,KM.TILONGKABILA
23,3,36,17,default,3,1558.0,2.0,22.0,KM.TILONGKABILA
23,3,15,18,default,3,1582.0,4.0,18.0,KM.TILONGKABILA
23,3,14,19,default,3,1604.0,2.0,7.0,KM.TILONGKABILA
23,3,8,20,default,3,1613.0,2.0,18.0,KM.TILONGKABILA
23,3,55,21,default,3,1633.0,2.0,6.0,KM.TILONGKABILA
23,4,7,0,default,3,1641.0,23.0,6.0,KM.TILONGKABILA
23,4,55,1,default,4,1670.0,2.0,18.0,KM.TILONGKABILA
23,4,8,2,default,4,1690.0,4.0,7.0,KM.TILONGKABILA
23,4,14,3,default,4,1701.0,2.0,18.0,KM.TILONGKABILA
23,4,15,4,default,4,1721.0,5.0,21.0,KM.TILONGKABILA
23,4,36,5,default,4,1747.0,3.0,4.0,KM.TILONGKABILA
23,4,2,6,default,4,1754.0,2.0,6.0,KM.TILONGKABILA
23,4,0,7,default,4,1762.0,4.0,17.0,KM.TILONGKABILA
23,4,78,8,default,4,1783.0,3.0,11.0,KM.TILONGKABILA
23,4,79,9,default,4,1797.0,2.0,16.0,KM.TILONGKABILA
23,4,51,10,default,4,1815.0,35.0,15.0,KM.TILONGKABILA
23,4,79,11,default,5,1865.0,2.0,11.0,KM.TILONGKABILA
23,4,78,12,default,5,1878.0,3.0,19.0,KM.TILONGKABILA
23,4,0,13,default,5,1900.0,4.0,7.0,KM.TILONGKABILA
23,4,2,14,default,5,1911.0,1.0,5.0,KM.TILONGKABILA
23,4,36,15,default,5,1917.0,2.0,22.0,KM.TILONGKABILA
23,4,15,16,default,5,1941.0,4.0,20.0,KM.TILONGKABILA
23,4,8,17,default,5,1965.0,3.0,7.0,KM.TILONGKABILA
23,4,14,18,default,5,1975.0,2.0,19.0,KM.TILONGKABILA
23,4,15,19,default,6,1996.0,4.0,20.0,KM.TILONGKABILA
23,4,14,20,default,6,2020.0,2.0,7.0,KM.TILONGKABILA
23,4,8,21,default,6,2029.0,2.0,19.0,KM.TILONGKABILA
23,4,55,22,default,6,2050.0,2.0,6.0,KM.TILONGKABILA
23,5,7,0,default,6,2058.0,17.0,6.0,KM.TILONGKABILA
23,5,55,1,default,7,2081.0,2.0,18.0,KM.TILONGKABILA
23,5,8,2,default,7,2101.0,3.0,7.0,KM.TILONGKABILA
23,5,14,3,default,7,2111.0,2.0,18.0,KM.TILONGKABILA
23,5,15,4,default,7,2131.0,4.0,21.0,KM.TILONGKABILA
23,5,36,5,default,7,2156.0,2.0,4.0,KM.TILONGKABILA
23,5,2,6,default,7,2162.0,2.0,6.0,KM.TILONGKABILA
23,5,0,7,default,7,2170.0,4.0,17.0,KM.TILONGKABILA
23,5,78,8,default,7,2191.0,3.0,11.0,KM.TILONGKABILA
23,5,79,9,default,7,2205.0,2.0,15.0,KM.TILONGKABILA
23,5,51,10,default,7,2222.0,36.0,15.0,KM.TILONGKABILA
23,5,79,11,default,8,2273.0,2.0,11.0,KM.TILONGKABILA
23,5,78,12,default,8,2286.0,2.0,18.0,KM.TILONGKABILA
23,5,0,13,default,8,2306.0,4.0,7.0,KM.TILONGKABILA
23,5,2,14,default,8,2317.0,1.0,5.0,KM.TILONGKABILA
23,5,36,15,default,8,2323.0,2.0,22.0,KM.TILONGKABILA
23,5,15,16,default,8,2347.0,5.0,20.0,KM.TILONGKABILA
23,5,8,17,default,8,2372.0,3.0,7.0,KM.TILONGKABILA
23,5,14,18,default,8,2382.0,2.0,19.0,KM.TILONGKABILA
23,5,15,19,default,9,2403.0,4.0,20.0,KM.TILONGKABILA
23,5,14,20,default,9,2427.0,2.0,7.0,KM.TILONGKABILA
23,5,8,21,default,9,2436.0,2.0,20.0,KM.TILONGKABILA
23,5,55,22,default,9,2458.0,2.0,6.0,KM.TILONGKABILA
23,6,7,0,default,9,2466.0,12.0,6.0,KM.TILONGKABILA
24,2,19,0,default,0,327.0,27.0,30.0,KM.WILIS
24,2,15,1,default,0,384.0,8.0,24.0,KM.WILIS
24,2,14,2,default,0,416.0,1.0,9.0,KM.WILIS
24,2,8,3,default,0,426.0,1.0,11.0,KM.WILIS
24,2,81,4,default,0,438.0,1.0,9.0,KM.WILIS
24,2,9,5,default,0,448.0,4.0,11.0,KM.WILIS
24,2,10,6,default,0,463.0,2.0,16.0,KM.WILIS
24,2,11,7,default,0,481.0,8.0,17.0,KM.WILIS
24,2,12,8,default,0,506.0,12.0,16.0,KM.WILIS
24,2,11,9,default,1,534.0,8.0,16.0,KM.WILIS
24,2,10,10,default,1,558.0,2.0,11.0,KM.WILIS
24,2,9,11,default,1,571.0,2.0,9.0,KM.WILIS
24,2,81,12,default,1,582.0,1.0,11.0,KM.WILIS
24,2,8,13,default,1,594.0,2.0,9.0,KM.WILIS
24,2,14,14,default,1,605.0,1.0,24.0,KM.WILIS
24,2,15,15,default,1,630.0,3.0,30.0,KM.WILIS
24,3,19,0,default,1,663.0,27.0,30.0,KM.WILIS
24,3,15,1,default,2,720.0,8.0,24.0,KM.WILIS
24,3,14,2,default,2,752.0,1.0,9.0,KM.WILIS
24,3,8,3,default,2,762.0,1.0,11.0,KM.WILIS
24,3,81,4,default,2,774.0,1.0,9.0,KM.WILIS
24,3,9,5,default,2,784.0,4.0,11.0,KM.WILIS
24,3,10,6,default,2,799.0,2.0,16.0,KM.WILIS
24,3,11,7,default,2,817.0,8.0,17.0,KM.WILIS
24,3,12,8,default,2,842.0,12.0,16.0,KM.WILIS
24,3,11,9,default,3,870.0,8.0,16.0,KM.WILIS
24,3,10,10,default,3,894.0,2.0,11.0,KM.WILIS
24,3,9,11,default,3,907.0,2.0,9.0,KM.WILIS
24,3,81,12,default,3,918.0,1.0,11.0,KM.WILIS
24,3,8,13,default,3,930.0,2.0,9.0,KM.WILIS
24,3,14,14,default,3,941.0,1.0,24.0,KM.WILIS
24,3,15,15,default,3,966.0,3.0,30.0,KM.WILIS
24,4,19,0,default,3,999.0,27.0,30.0,KM.WILIS
24,4,15,1,default,4,1056.0,8.0,24.0,KM.WILIS
24,4,14,2,default,4,1088.0,1.0,9.0,KM.WILIS
24,4,8,3,default,4,1098.0,1.0,11.0,KM.WILIS
24,4,81,4,default,4,1110.0,1.0,9.0,KM.WILIS
24,4,9,5,default,4,1120.0,4.0,11.0,KM.WILIS
24,4,10,6,default,4,1135.0,2.0,16.0,KM.WILIS
24,4,11,7,default,4,1153.0,8.0,17.0,KM.WILIS
24,4,12,8,default,4,1178.0,12.0,16.0,KM.WILIS
24,4,11,9,default,5,1206.0,8.0,16.0,KM.WILIS
24,4,10,10,default,5,1230.0,2.0,11.0,KM.WILIS
24,4,9,11,default,5,1243.0,2.0,9.0,KM.WILIS
24,4,81,12,default,5,1254.0,1.0,11.0,KM.WILIS
24,4,8,13,default,5,1266.0,2.0,9.0,KM.WILIS
24,4,14,14,default,5,1277.0,1.0,24.0,KM.WILIS
24,4,15,15,default,5,1302.0,3.0,30.0,KM.WILIS
24,5,19,0,default,5,1335.0,27.0,30.0,KM.WILIS
24,5,15,1,default,6,1392.0,8.0,24.0,KM.WILIS
24,5,14,2,default,6,1424.0,1.0,9.0,KM.WILIS
24,5,8,3,default,6,1434.0,1.0,11.0,KM.WILIS
24,5,81,4,default,6,1446.0,1.0,9.0,KM.WILIS
24,5,9,5,default,6,1456.0,4.0,11.0,KM.WILIS
24,5,10,6,default,6,1471.0,2.0,16.0,KM.WILIS
24,5,11,7,default,6,1489.0,8.0,17.0,KM.WILIS
24,5,12,8,default,6,1514.0,12.0,16.0,KM.WILIS
24,5,11,9,default,7,1542.0,8.0,16.0,KM.WILIS
24,5,10,10,default,7,1566.0,2.0,11.0,KM.WILIS
24,5,9,11,default,7,1579.0,2.0,9.0,KM.WILIS
24,5,81,12,default,7,1590.0,1.0,11.0,KM.WILIS
24,5,8,13,default,7,1602.0,2.0,9.0,KM.WILIS
24,5,14,14,default,7,1613.0,1.0,24.0,KM.WILIS
24,5,15,15,default,7,1638.0,3.0,30.0,KM.WILIS
24,6,19,0,default,7,1671.0,3.0,30.0,KM.WILIS
24,6,15,1,default,8,1704.0,8.0,24.0,KM.WILIS
24,6,14,2,default,8,1736.0,1.0,9.0,KM.WILIS
24,6,8,3,default,8,1746.0,1.0,11.0,KM.WILIS
24,6,81,4,default,8,1758.0,1.0,9.0,KM.WILIS
24,6,9,5,default,8,1768.0,4.0,11.0,KM.WILIS
24,6,10,6,default,8,1783.0,2.0,16.0,KM.WILIS
24,6,11,7,default,8,1801.0,8.0,17.0,KM.WILIS
24,6,12,8,default,8,1826.0,12.0,16.0,KM.WILIS
24,6,11,9,default,9,1854.0,8.0,16.0,KM.WILIS
24,6,10,10,default,9,1878.0,2.0,11.0,KM.WILIS
24,6,9,11,default,9,1891.0,2.0,9.0,KM.WILIS
24,6,81,12,default,9,1902.0,1.0,11.0,KM.WILIS
24,6,8,13,default,9,1914.0,2.0,9.0,KM.WILIS
24,6,14,14,default,9,1925.0,1.0,24.0,KM.WILIS
24,6,15,15,default,9,1950.0,3.0,30.0,KM.WILIS
24,7,19,0,default,9,1983.0,3.0,30.0,KM.WILIS
